[2026-09-26T12:09:17.627Z] syncing 1501 Better Bathrooms products to Shopify as DRAFT
[2026-09-26T12:09:30.561Z] ✓ 600mm Black Wall Hung Vanity Unit with Basin - Pendle — 1/1 variants, 5 images, 1 variant images
[2026-09-26T12:09:42.188Z] ✓ 500mm Back to Wall Toilet Unit Only - Baxenden — 5/5 variants, 7 images, 5 variant images
[2026-09-26T12:09:44.988Z] ✓ Freestanding Vanity Unit with Basin - Baxenden — 10/10 variants, 14 images, 10 variant images
[2026-09-26T12:09:45.434Z] ✓ Freestanding Vanity Unit with Basin - Pendle — 9/9 variants, 13 images, 9 variant images
[2026-09-26T12:09:50.937Z] ✓ 400mm Freestanding Cloakroom Vanity Unit with Basin - Baxenden — 5/5 variants, 9 images, 5 variant images
[2026-09-26T12:09:51.336Z] ✓ Double Door White Bathroom Mirror Cabinet 600 x 650mm - Pendle — 1/1 variants, 3 images, 1 variant images
[2026-09-26T12:09:55.186Z] ✓ 560mm Wood Effect Wall Hung Floating Vanity Shelf - Evora — 1/1 variants, 4 images, 1 variant images
[2026-09-26T12:10:06.575Z] ✓ Wall Hung Countertop Vanity Unit - Lugo — 6/6 variants, 9 images, 6 variant images
[2026-09-26T12:10:11.938Z] ✓ 500mm Back to Wall Toilet Unit Only - Pendle — 4/4 variants, 6 images, 4 variant images
[2026-09-26T12:10:13.285Z] ✓ 1200mm Toilet and Sink Unit with Square Toilet - Harper — 2/2 variants, 8 images, 2 variant images
[2026-09-26T12:10:15.412Z] ✓ Bowland Traditional Basin Vanity Unit - More Colours & Sizes Available — 11/11 variants, 16 images, 11 variant images
[2026-09-26T12:10:31.040Z] ✓ Freestanding Vanity Unit with Basin - Kinsley — 6/6 variants, 13 images, 6 variant images
[2026-09-26T12:10:32.220Z] ✓ Freestanding Inset Basin Vanity Unit Pendle - More Colours & Sizes Available — 2/2 variants, 6 images, 2 variant images
[2026-09-26T12:10:33.835Z] ✓ Freestanding Vanity Unit with Basin - Classic — 5/5 variants, 10 images, 5 variant images
[2026-09-26T12:10:35.911Z] ✓ Freestanding Vanity Unit with Basin - Panama — 4/4 variants, 8 images, 4 variant images
[2026-09-26T12:10:51.048Z] ✓ Wall Hung Vanity Unit with Basin - Ashford — 6/6 variants, 10 images, 6 variant images
[2026-09-26T12:10:52.623Z] ✓ 560mm Wall Hung Floating Vanity Shelf and Basin - Evora — 2/2 variants, 7 images, 2 variant images
[2026-09-26T12:10:56.500Z] ✓ 500mm Back to Wall Toilet Unit Only - Classic — 2/2 variants, 4 images, 2 variant images
[2026-09-26T12:10:58.388Z] ✓ Freestanding Vanity Unit with Basin - Camden — 3/3 variants, 11 images, 3 variant images
[2026-09-26T12:11:17.891Z] ✓ 1200mm Freestanding Double Vanity Unit with Basin - Panama — 2/2 variants, 6 images, 2 variant images
[2026-09-26T12:11:22.263Z] ✓ 500mm Back to Wall Toilet Unit Only - Palma — 3/3 variants, 5 images, 3 variant images
[2026-09-26T12:11:24.234Z] ✓ 580mm Corner Freestanding Cloakroom Vanity Unit with Basin - Baxenden — 5/5 variants, 9 images, 5 variant images
[2026-09-26T12:11:26.383Z] ✓ 1100mm Toilet and Sink Unit with Square Toilet and Fittings - Bali — 27/27 variants, 37 images, 27 variant images
[2026-09-26T12:11:39.555Z] ✓ Back to Wall Toilet Unit Only - Pendle — 3/3 variants, 5 images, 3 variant images
[2026-09-26T12:11:42.756Z] ✓ 500mm Curved Corner Freestanding Vanity Unit with Basin - Bowland — 2/2 variants, 8 images, 2 variant images
[2026-09-26T12:11:42.757Z] progress 25/1501 (ok 25, warnings 0, failed 0)
[2026-09-26T12:11:48.603Z] ✓ 650mm Walnut Wood Effect Fluted Wall Hung Countertop Vanity Unit – Matira — 1/1 variants, 6 images, 1 variant images
[2026-09-26T12:11:49.332Z] ✓ 1500mm Toilet and Sink Unit with Storage Unit and Square Toilet - Harper — 2/2 variants, 11 images, 2 variant images
[2026-09-26T12:11:50.292Z] ✓ Toilet and Sink Unit with Traditional Toilet - Baxenden — 9/9 variants, 18 images, 9 variant images
[2026-09-26T12:11:59.089Z] ✓ 650mm Walnut Wood Effect Fluted Wall Hung Countertop Vanity Unit with Basin – Matira — 1/1 variants, 7 images, 1 variant images
[2026-09-26T12:12:04.858Z] ✓ Wall Hung Vanity Unit with Basin - Palma — 6/6 variants, 10 images, 6 variant images
[2026-09-26T12:12:09.860Z] ✓ Double Door Wall Mounted Tall Bathroom Cabinet 400x1400mm Storage Unit - Pendle — 3/3 variants, 6 images, 3 variant images
[2026-09-26T12:12:10.331Z] ✓ 400mm Freestanding Cloakroom Vanity Unit with Basin - Pendle — 6/6 variants, 10 images, 6 variant images
[2026-09-26T12:12:13.476Z] ✓ 800mm Walnut Wood Effect Curved Fluted Freestanding Countertop Vanity Unit – Matira — 1/1 variants, 7 images, 1 variant images
[2026-09-26T12:12:20.361Z] ✓ 600mm Freestanding Vanity Unit with Basin - Avebury — 2/2 variants, 6 images, 2 variant images
[2026-09-26T12:12:30.076Z] ✓ 1060mm Toilet and Sink Unit with Round Toilet - Classic — 2/2 variants, 8 images, 2 variant images
[2026-09-26T12:12:30.500Z] ✓ 650mm Wooden Fluted Wall Hung Countertop Vanity Unit with Basin - Matira — 2/2 variants, 10 images, 2 variant images
[2026-09-26T12:12:32.549Z] ✓ Freestanding Inset Vanity Unit with Basin - Palma - More Sizes & Colours Available — 3/3 variants, 7 images, 3 variant images
[2026-09-26T12:12:38.968Z] ✓ Double Door White Wall Hung Tall Bathroom Cabinet 400 x 1400mm - Pendle — 1/1 variants, 3 images, 1 variant images
[2026-09-26T12:12:40.154Z] ✓ 1200mm Wall Hung Double Countertop Vanity Unit - Lugo — 3/3 variants, 7 images, 3 variant images
[2026-09-26T12:12:51.488Z] ✓ Double Door Wall Mounted Tall Bathroom Cabinet with Handles 350 x 1400mm - Ashford — 6/6 variants, 9 images, 6 variant images
[2026-09-26T12:12:52.847Z] ✓ 400mm Wall Hung Cloakroom Left Hand Vanity Unit with Basin - Pendle — 6/6 variants, 10 images, 6 variant images
[2026-09-26T12:12:59.131Z] ✓ 1200mm Freestanding Double Vanity Unit with Basin - Windsor — 2/2 variants, 6 images, 2 variant images
[2026-09-26T12:12:59.962Z] ✓ Single Door Wall Mounted Tall Bathroom Cabinet 350 x 1250mm - Lugo — 3/3 variants, 5 images, 3 variant images
[2026-09-26T12:13:00.405Z] ✓ 600mm Oak Wood Effect Wall Hung Countertop Vanity Unit with Round Basin - Lugo — 1/1 variants, 6 images, 1 variant images
[2026-09-26T12:13:14.267Z] ✓ 670mm Freestanding Vanity Unit with Square Basin - Harper — 2/2 variants, 6 images, 2 variant images
[2026-09-26T12:13:19.839Z] ✓ Wall Hung Vanity Unit with Basin - Como — 3/3 variants, 7 images, 3 variant images
[2026-09-26T12:13:20.651Z] ✓ 1200mm Wall Hung Double Vanity Unit with Basin - Oslo — 2/2 variants, 6 images, 2 variant images
[2026-09-26T12:13:21.158Z] ✓ Wall Hung Vanity Unit with Basin - Oslo — 5/5 variants, 9 images, 5 variant images
[2026-09-26T12:13:34.357Z] ✓ Freestanding Vanity Unit with Basin - Perla — 5/5 variants, 9 images, 5 variant images
[2026-09-26T12:13:39.774Z] ✓ Freestanding Vanity Unit with Basin - Palma — 6/6 variants, 10 images, 6 variant images
[2026-09-26T12:13:39.777Z] progress 50/1501 (ok 50, warnings 0, failed 0)
[2026-09-26T12:13:40.643Z] ✓ 800mm Wall Hung Countertop Vanity Unit with Worktop and Basin - Morella — 2/2 variants, 7 images, 2 variant images
[2026-09-26T12:13:41.061Z] ✓ Beige Fluted Freestanding Vanity Unit with Basin - Perla — 2/2 variants, 6 images, 2 variant images
[2026-09-26T12:13:53.896Z] ✓ Wall Hung Countertop Vanity Unit with Basin - Lugo — 5/5 variants, 10 images, 5 variant images
[2026-09-26T12:14:00.687Z] ✓ 650mm Wooden Fluted Freestanding Countertop Vanity Unit with Basin - Matira — 2/2 variants, 9 images, 2 variant images
[2026-09-26T12:14:01.148Z] ✓ Freestanding Vanity Unit with Basin - Windsor — 4/4 variants, 8 images, 4 variant images
[2026-09-26T12:14:03.166Z] ✓ Fluted Wall Hung Vanity Units - Melbourne — 15/15 variants, 19 images, 15 variant images
[2026-09-26T12:14:10.563Z] ✓ 1250mm Wooden Fluted Wall Hung Double Countertop Vanity Unit with Basins - Matira — 1/1 variants, 8 images, 1 variant images
[2026-09-26T12:14:14.902Z] ✓ 900mm Curved Right Hand Corner Freestanding Vanity Unit with Basin - Bowland — 4/4 variants, 10 images, 4 variant images
[2026-09-26T12:14:18.725Z] ✓ 1200mm Oak Wood Effect Wall Hung Double Countertop Vanity Unit with Round Basins - Lugo — 1/1 variants, 6 images, 1 variant images
[2026-09-26T12:14:21.391Z] ✓ 650mm Wooden Fluted Freestanding Countertop Vanity Unit - Matira — 2/2 variants, 8 images, 2 variant images
[2026-09-26T12:14:23.554Z] ✓ 650mm Wooden Fluted Wall Hung Countertop Vanity Unit - Matira — 2/2 variants, 9 images, 2 variant images
[2026-09-26T12:14:27.493Z] ✓ 1250mm Walnut Wood Effect Fluted Wall Hung Double Countertop Vanity Unit with Basin– Matira — 1/1 variants, 7 images, 1 variant images
[2026-09-26T12:14:30.669Z] ✓ 410mm Beige Wall Hung Cloakroom Vanity Unit with Basin - Pendle — 1/1 variants, 5 images, 1 variant images
[2026-09-26T12:14:38.415Z] ✓ Ideal Standard Eurovit+ Wall Hung Vanity Unit with Basin — 6/6 variants, 11 images, 6 variant images
[2026-09-26T12:14:38.837Z] ✓ 1200mm Anthracite Wall Hung Double Vanity Unit with Basins - Morella — 1/1 variants, 8 images, 1 variant images
[2026-09-26T12:14:44.505Z] ✓ Walnut Wood Effect Fluted Wall Hung Vanity Unit with Solid Surface Basin - Kobe — 2/2 variants, 7 images, 2 variant images
[2026-09-26T12:14:47.138Z] ✓ 350mm Ideal Standard Eurovit+ Wall Hung Vanity Unit with Basin — 4/4 variants, 9 images, 4 variant images
[2026-09-26T12:14:52.217Z] ✓ 1250mm Wooden Fluted Wall Hung Double Countertop Vanity Unit - Matira — 1/1 variants, 8 images, 1 variant images
[2026-09-26T12:14:58.506Z] ✓ Wood Wall Hung Countertop Vanity Unit with Square Basin - Lugo — 5/5 variants, 10 images, 5 variant images
[2026-09-26T12:14:58.935Z] ✓ Wall Hung Countertop Vanity Unit with Square Basin - Lugo — 4/4 variants, 10 images, 4 variant images
[2026-09-26T12:15:06.935Z] ✓ 1250mm Walnut Wood Effect Fluted Wall Hung Double Countertop Vanity Unit – Matira — 1/1 variants, 6 images, 1 variant images
[2026-09-26T12:15:07.389Z] ✓ Fluted Wall Hung Vanity Unit with Aluminium Basin - Venice — 4/4 variants, 7 images, 4 variant images
[2026-09-26T12:15:13.243Z] ✓ 1200mm Wall Hung Double Countertop Vanity Unit with Basin - Lugo — 2/2 variants, 7 images, 2 variant images
[2026-09-26T12:15:15.982Z] ✓ 650mm Black Wooden Fluted Wall Hung Countertop Vanity Unit with Black Square Basin - Matira — 1/1 variants, 8 images, 1 variant images
[2026-09-26T12:15:16.811Z] ✓ 800mm Walnut Wood Effect Curved Fluted Freestanding Countertop Vanity Unit with Basin – Matira — 1/1 variants, 8 images, 1 variant images
[2026-09-26T12:15:16.811Z] progress 75/1501 (ok 75, warnings 0, failed 0)
[2026-09-26T12:15:21.368Z] ✓ Oak Wood Effect Wall Hung Vanity Unit with Solid Surface Basin - Cali — 2/2 variants, 7 images, 2 variant images
[2026-09-26T12:15:25.024Z] ✓ 800mm Wooden Curved Fluted Freestanding Countertop Vanity Unit - Matira — 1/1 variants, 8 images, 1 variant images
[2026-09-26T12:15:26.194Z] ✓ 800mm Wooden Curved Fluted Freestanding Countertop Vanity Unit with Basin - Matira — 1/1 variants, 10 images, 1 variant images
[2026-09-26T12:15:31.017Z] ✓ 1200mm Wooden Curved Fluted Freestanding Double Countertop Vanity Unit - Matira — 1/1 variants, 8 images, 1 variant images
[2026-09-26T12:15:34.616Z] ✓ 1200mm Wooden Curved Fluted Freestanding Double Countertop Vanity Unit with Basins - Matira — 1/1 variants, 9 images, 1 variant images
[2026-09-26T12:15:35.792Z] ✓ 1200mm Freestanding Double Countertop Vanity Unit with Basin and Wood Worktop - Windsor — 2/2 variants, 7 images, 2 variant images
[2026-09-26T12:15:43.068Z] ✓ 800mm Black Freestanding Vanity with Basin - Perla — 1/1 variants, 5 images, 1 variant images
[2026-09-26T12:15:44.265Z] ✓ 1200mm Walnut Wood Effect Curved Fluted Freestanding Double Countertop Vanity Unit with Basin - Matira — 1/1 variants, 8 images, 1 variant images
[2026-09-26T12:15:48.548Z] ✓ Paintable Freestanding Vanity Unit with Basin - Orlando — 3/3 variants, 8 images, 3 variant images
[2026-09-26T12:15:51.622Z] ✓ 1200mm Freestanding Double Vanity Unit with Basin - Perla — 3/3 variants, 7 images, 3 variant images
[2026-09-26T12:15:52.059Z] ✓ 1200mm Walnut Wood Effect Curved Fluted Freestanding Double Countertop Vanity Unit - Matira — 1/1 variants, 7 images, 1 variant images
[2026-09-26T12:15:53.296Z] ✓ 1250mm Wooden Fluted Freestanding Double Countertop Vanity Unit - Matira — 1/1 variants, 7 images, 1 variant images
[2026-09-26T12:16:01.492Z] ✓ 1200mm Beige Fluted Freestanding Double Vanity Unit with Basin - Perla — 1/1 variants, 5 images, 1 variant images
[2026-09-26T12:16:01.928Z] ✓ 1250mm Wooden Fluted Freestanding Double Countertop Vanity Unit with Basins - Matira — 1/1 variants, 7 images, 1 variant images
[2026-09-26T12:16:09.582Z] ✓ 1000mm Beige Freestanding Vanity Unit with Basin and Laundry Hamper - Sofia — 1/1 variants, 6 images, 1 variant images
[2026-09-26T12:16:10.030Z] ✓ 1200mm Freestanding Double Vanity Unit with Wood Worktop - Windsor — 2/2 variants, 6 images, 2 variant images
[2026-09-26T12:16:15.817Z] ✓ 455mm Freestanding Cloakroom Vanity Unit with Basin - Classic — 2/2 variants, 6 images, 2 variant images
[2026-09-26T12:16:18.721Z] ✓ 1100mm Black Toilet and Sink Unit with Square Toilet - Pendle — 1/1 variants, 10 images, 1 variant images
[2026-09-26T12:16:30.787Z] ✓ 1100mm Toilet and Sink Unit with Fittings - Unit & Basin Only - Bali — 28/28 variants, 34 images, 28 variant images
[2026-09-26T12:16:38.283Z] ✓ Toilet and Sink Unit - Ontario — 24/24 variants, 31 images, 24 variant images
[2026-09-26T12:16:38.695Z] ✓ 900mm Cloakroom Toilet and Sink Unit with Square Toilet and Fittings - Ashford — 3/3 variants, 9 images, 3 variant images
[2026-09-26T12:16:39.589Z] ✓ Toilet and Sink Unit with Round Toilet - Pendle — 6/6 variants, 15 images, 6 variant images
[2026-09-26T12:16:56.616Z] ✓ Toilet and Sink Unit with Round Toilet and Push Button - Palma — 18/18 variants, 26 images, 18 variant images
[2026-09-26T12:17:00.926Z] ✓ 1800mm Toilet and Sink Unit with Storage Units & Fittings - Vancouver — 2/2 variants, 13 images, 2 variant images
[2026-09-26T12:17:01.394Z] ✓ 1150mm Wooden Fluted Toilet and Sink Unit with Square Toilet & Basin and Chrome Push Button - Matira — 2/2 variants, 14 images, 2 variant images
[2026-09-26T12:17:01.395Z] progress 100/1501 (ok 100, warnings 0, failed 0)
[2026-09-26T12:17:02.235Z] ✓ 1150mm Wooden Fluted Toilet and Sink Unit with Square Toilet and Chrome Fittings - Matira — 2/2 variants, 14 images, 2 variant images
[2026-09-26T12:17:20.947Z] ✓ 1500mm Toilet and Sink Unit with Storage Unit & Fittings - Vancouver — 2/2 variants, 12 images, 2 variant images
[2026-09-26T12:17:21.708Z] ✓ 1200mm Toilet and Sink Unit with Fittings - Vancouver — 2/2 variants, 9 images, 2 variant images
[2026-09-26T12:17:22.151Z] ✓ 500mm Back to Wall Toilet Unit Only - Ashford — 2/2 variants, 4 images, 2 variant images
[2026-09-26T12:17:23.458Z] ✓ 500mm Back to Wall Toilet Unit with Cistern and Fittings - Ashford — 5/5 variants, 7 images, 5 variant images
[2026-09-26T12:17:32.508Z] ✓ 500mm Dark Grey Back to Wall Toilet Unit Only - Westbury — 1/1 variants, 4 images, 1 variant images
[2026-09-26T12:17:34.782Z] ✓ 500mm Blue Back to Wall Toilet Unit and chrome fittings - Ashford — 1/1 variants, 3 images, 1 variant images
[2026-09-26T12:17:42.836Z] ✓ Single Door Chrome Bathroom Mirror Cabinet with Lights 500 x 700mm - Capricorn — 1/1 variants, 5 images, 1 variant images
[2026-09-26T12:17:44.111Z] ✓ Glass WC Toilet Unit with Cistern & Pneumatic Dual Flush Button for Back to Wall Toilets - Hako — 2/2 variants, 7 images, 2 variant images
[2026-09-26T12:17:44.456Z] ✗ Single Door Chrome Bathroom Mirror Cabinet with Battery Operated Lights 500 x 700mm - Capricorn — Image URL is invalid; Image URL is invalid; Image URL is invalid; Image URL is invalid; Image URL is invalid; Image URL is invalid; Image URL is invalid; Image URL is invalid; Image URL is invalid
[2026-09-26T12:17:44.888Z] ✓ Glass WC Toilet Unit with Cistern, Frame & Pneumatic Dual Flush Button for Wall Hung Toilets - Hako — 2/2 variants, 7 images, 2 variant images
[2026-09-26T12:17:53.840Z] ✓ Double Door Chrome Bathroom Mirror Cabinet with Lights 600 x 700mm - Capricorn — 1/1 variants, 5 images, 1 variant images
[2026-09-26T12:17:55.505Z] ✓ Single Door Bathroom Mirror Cabinet with Lights Demister & Shaver Socket 500 x 800mm - Empire — 3/3 variants, 11 images, 3 variant images
[2026-09-26T12:18:02.520Z] ✓ Single Door Chrome Bathroom Mirror Cabinet with Lights & Shaver Socket 500 x 700mm - Celeste — 1/1 variants, 7 images, 1 variant images
[2026-09-26T12:18:03.467Z] ✓ 500mm Green Back to Wall Toilet Unit Only - Avebury — 1/1 variants, 4 images, 1 variant images
[2026-09-26T12:18:03.932Z] ✓ Sliding Bathroom Mirror Cabinet with Lights 600 x 600mm - Elara — 2/2 variants, 8 images, 2 variant images
[2026-09-26T12:18:05.243Z] ✓ Double Door Bathroom Mirror Cabinet 667 x 600mm - Westbury — 3/3 variants, 7 images, 3 variant images
[2026-09-26T12:18:12.644Z] ✓ Double Door Chrome Bathroom Mirror Cabinet with Lights & Shaver Socket 750 x 700mm - Celeste — 1/1 variants, 8 images, 1 variant images
[2026-09-26T12:18:13.383Z] ✓ Triple Door Chrome Bathroom Mirror Cabinet with Lights Bluetooth Speaker & Demister 1200 x 700mm - Ursa — 1/1 variants, 6 images, 1 variant images
[2026-09-26T12:18:19.571Z] ✓ Triple Door Bathroom Mirror Cabinet with Lights Demister & Socket 1200 x 800mm - Artemis — 1/1 variants, 11 images, 1 variant images
[2026-09-26T12:18:20.926Z] ✓ Triple Door Recessed Bathroom Mirror Cabinet with Lights Demister & Socket 1200 x 700mm - Rona — 1/1 variants, 8 images, 1 variant images
[2026-09-26T12:18:26.356Z] ✓ Double Door Chrome Bathroom Mirror Cabinet with Lights, Bluetooth Speaker & Demister - Ursa — 2/2 variants, 7 images, 2 variant images
[2026-09-26T12:18:29.754Z] ✓ Double Door Beige Bathroom Mirror Cabinet with Lights Demister & Shaver Socket 780 x 700mm- Sidra — 1/1 variants, 8 images, 1 variant images
[2026-09-26T12:18:34.753Z] ✓ Single Door Corner Bathroom Mirror Cabinet with Lights 300 x 600mm - Lykos — 2/2 variants, 9 images, 2 variant images
[2026-09-26T12:18:35.169Z] ✓ Triple Door Beige Bathroom Mirror Cabinet with Lights Demister & Shaver Socket 1200 x 700mm- Sidra — 1/1 variants, 9 images, 1 variant images
[2026-09-26T12:18:35.169Z] progress 125/1501 (ok 124, warnings 0, failed 1)
[2026-09-26T12:18:37.947Z] ✓ Sensio Eclipse Single Door Recessed Bathroom Mirror Cabinet with Lights & Shaver Socket 700 x 500mm — 1/1 variants, 9 images, 1 variant images
[2026-09-26T12:18:43.747Z] ✓ Sensio Ainsley Double Door Chrome Bathroom Mirror Cabinet with Lights & Bluetooth Speaker 664 x 700mm — 1/1 variants, 9 images, 1 variant images
[2026-09-26T12:18:44.156Z] ✓ Sensio Eclipse Double Door Black Recessed Bathroom Mirror Cabinet with Lights, Demister & Shaver Socket 600 x 700mm — 1/1 variants, 6 images, 1 variant images
[2026-09-26T12:18:44.992Z] ✓ Triple Door Bathroom Mirror Cabinet with Lights Demister & Shaver Socket 1200 x 690mm - Empire — 2/2 variants, 11 images, 2 variant images
[2026-09-26T12:18:47.178Z] ✓ Sensio Sydney Double Door Black Bathroom Mirror Cabinet with Lights & Shelf 600 x 900mm — 1/1 variants, 5 images, 1 variant images
[2026-09-26T12:18:53.343Z] ✓ Sensio Ainsley 3 Door Chrome Bathroom Mirror Cabinet with Lights & Bluetooth Speaker 1200 x 700mm — 1/1 variants, 8 images, 1 variant images
[2026-09-26T12:18:53.740Z] ✓ Sensio Luka Double Door Chrome Bathroom Mirror Cabinet with Lights, Built in Alexa and Bluetooth 660 x 700mm — 1/1 variants, 6 images, 1 variant images
[2026-09-26T12:18:54.655Z] ✓ Single Door Round Chrome Heated Bathroom Mirror Cabinet with Lights 800mm - Luna — 1/1 variants, 8 images, 1 variant images
[2026-09-26T12:19:02.042Z] ✓ Double Door Chrome Mirrored Bathroom Cabinet with Lights 800 x 700mm - Capricorn — 1/1 variants, 5 images, 1 variant images
[2026-09-26T12:19:02.486Z] ✓ Double Door White Wall Hung Tall Bathroom Cabinet with Black Handles 350 1400mm- Ashford — 1/1 variants, 4 images, 1 variant images
[2026-09-26T12:19:03.583Z] ✓ 500mm Black Freestanding Countertop Vanity Unit - Palma — 1/1 variants, 5 images, 1 variant images
[2026-09-26T12:19:09.593Z] ✓ Double Door Wall Hung Tall Bathroom Cabinet with Handles 350 x 1400mm - Ashford — 2/2 variants, 6 images, 2 variant images
[2026-09-26T12:19:23.230Z] ✓ Freestanding Double Ended Bath - Riley — 2/2 variants, 7 images, 2 variant images
[2026-09-26T12:19:27.065Z] ✓ Freestanding Double Ended Bath - Lisbon — 13/13 variants, 19 images, 13 variant images
[2026-09-26T12:19:28.852Z] ✓ Freestanding Single Ended Corner Bath - Amaro — 8/8 variants, 14 images, 8 variant images
[2026-09-26T12:19:31.083Z] ✓ Freestanding Back to Wall Double Ended Bath - Manilla — 3/3 variants, 5 images, 3 variant images
[2026-09-26T12:19:44.270Z] ✓ Freestanding Double Ended Back to Wall Bath - Alto — 2/2 variants, 8 images, 2 variant images
[2026-09-26T12:19:47.816Z] ✓ Freestanding Single Ended Corner Bath 1650 x 740mm - Lisbon — 2/2 variants, 6 images, 2 variant images
[2026-09-26T12:19:49.566Z] ✓ Freestanding Double Ended Back to Wall Bath - Oslo — 3/3 variants, 8 images, 3 variant images
[2026-09-26T12:19:51.210Z] ✓ Freestanding Double Ended Bath - Rosa — 4/4 variants, 6 images, 4 variant images
[2026-09-26T12:19:56.858Z] ✓ Freestanding Single Ended Right Hand Corner Bath 1700 x 750mm - Vigo — 1/1 variants, 5 images, 1 variant images
[2026-09-26T12:19:57.876Z] ✓ Freestanding Double Ended Bath 1670 x 730mm - Venice — 1/1 variants, 5 images, 1 variant images
[2026-09-26T12:20:04.779Z] ✓ L Shaped Shower Bath - Lomax — 2/2 variants, 7 images, 2 variant images
[2026-09-26T12:20:06.197Z] ✓ Freestanding Japanese Soaking Deep Bath With Seat 1200 x 630mm - Niki — 1/1 variants, 9 images, 1 variant images
[2026-09-26T12:20:12.539Z] ✓ Rutland Square Single Ended Bath — 3/3 variants, 6 images, 3 variant images
[2026-09-26T12:20:12.541Z] progress 150/1501 (ok 149, warnings 0, failed 1)
[2026-09-26T12:20:13.798Z] ✓ Freestanding Single Ended Left Hand Fluted Corner Bath 1650 x 800mm - Amaro — 1/1 variants, 5 images, 1 variant images
[2026-09-26T12:20:17.487Z] ✓ Freestanding Single Ended Corner Bath 1600 x 780mm - Cove — 2/2 variants, 8 images, 2 variant images
[2026-09-26T12:20:26.663Z] ✓ Freestanding Single Ended Corner Bath 1500 x 740mm - Kona — 2/2 variants, 8 images, 2 variant images
[2026-09-26T12:20:35.736Z] ✓ L Shaped Shower Bath with Front Panel & Bath Screen, - Lomax — 7/7 variants, 17 images, 7 variant images
[2026-09-26T12:20:36.908Z] ✓ Freestanding Double Ended Stone Resin Solid Surface Bath - Opal — 2/2 variants, 9 images, 2 variant images
[2026-09-26T12:20:37.481Z] ✓ Freestanding Single Ended Shower Bath with Screen & Feet 1670 x 740 mm - Park Royal — 16/16 variants, 22 images, 16 variant images
[2026-09-26T12:20:45.576Z] ✓ Freestanding Double Ended Small Round Corner Bath 1000 x 1000mm - Malta — 1/1 variants, 9 images, 1 variant images
[2026-09-26T12:20:46.979Z] ✓ Single Ended Wide End Shower Bath - Cotswold — 2/2 variants, 7 images, 2 variant images
[2026-09-26T12:20:56.753Z] ✓ Freestanding Double Ended Back to Wall Bath - Gable — 2/2 variants, 8 images, 2 variant images
[2026-09-26T12:21:04.323Z] ✓ Freestanding Shower Bath Single Ended Corner with Bath Screen - Amaro — 23/23 variants, 29 images, 23 variant images
[2026-09-26T12:21:07.712Z] ✓ Freestanding Double Ended Back to Wall Bath with Feet - Park Royal — 5/5 variants, 10 images, 5 variant images
[2026-09-26T12:21:09.010Z] ✓ Freestanding Shower Bath Single Ended Corner with Bath Screen 1600 x 780mm - Cove — 6/6 variants, 16 images, 6 variant images
[2026-09-26T12:21:16.556Z] ✓ Freestanding Double Ended Slipper Bath 1700 x 795mm - Arles — 1/1 variants, 8 images, 1 variant images
[2026-09-26T12:21:18.005Z] ✓ Freestanding Japanese Soaking Deep Bath 1500 x 800mm - Tokyo — 1/1 variants, 4 images, 1 variant images
[2026-09-26T12:21:21.979Z] ✓ Freestanding Single Ended Roll Top Slipper Bath with Feet 1615 x 690mm - Park Royal — 10/10 variants, 18 images, 10 variant images
[2026-09-26T12:21:31.809Z] ✓ Freestanding Double Ended Roll Top Bath with Feet - Park Royal — 23/23 variants, 28 images, 23 variant images
[2026-09-26T12:21:38.960Z] ✓ Matt White Freestanding Back to Wall Double Ended Bath - Rosa — 2/2 variants, 7 images, 2 variant images
[2026-09-26T12:21:40.045Z] ✓ Matt White Freestanding Fluted Double Ended Bath 1650 x 740mm - Capri — 1/1 variants, 4 images, 1 variant images
[2026-09-26T12:21:41.182Z] ✓ Freestanding Shower Bath Single Ended Corner with Bath Screen 1650 x 740mm - Lisbon — 6/6 variants, 12 images, 6 variant images
[2026-09-26T12:21:47.045Z] ✓ Freestanding Single Ended Fluted Corner Bath 1650 x 800mm With Bath Screen - Amaro — 6/6 variants, 11 images, 6 variant images
[2026-09-26T12:21:48.208Z] ✓ Freestanding Fluted Double Ended Back To Wall Bath 1500 x 745mm - Gable — 1/1 variants, 8 images, 1 variant images
[2026-09-26T12:21:55.222Z] ✓ Freestanding Single Ended Slipper Bath 1520 x 715mm - Newport — 1/1 variants, 5 images, 1 variant images
[2026-09-26T12:22:05.463Z] ✓ Single Ended Shower Bath with Front Panel & Bath Screen - Cotswold — 5/5 variants, 11 images, 5 variant images
[2026-09-26T12:22:06.060Z] ✓ Freestanding Single Ended Bath with Feet 1670 x 740mm - Park Royal — 20/20 variants, 24 images, 20 variant images
[2026-09-26T12:22:07.995Z] ✓ Double Ended Whirlpool Spa Bath with 14 Whirlpool Jets 1700 x 750mm - Burford — 3/3 variants, 8 images, 3 variant images
[2026-09-26T12:22:07.997Z] progress 175/1501 (ok 174, warnings 0, failed 1)
[2026-09-26T12:22:15.869Z] ✓ Freestanding Double Ended Bath 1690 x 800mm - Helmsley — 3/3 variants, 8 images, 3 variant images
[2026-09-26T12:22:16.701Z] ✓ Burford Round Double Ended Bath - 1800 x 800mm — 1/1 variants, 5 images, 1 variant images
[2026-09-26T12:22:27.144Z] ✓ L Shaped Shower Bath with Front Panel & Chome Bath Screen, Right Hand 1500 x 850mm - Lomax — 1/1 variants, 11 images, 1 variant images
[2026-09-26T12:22:29.587Z] ✓ Freestanding Shower Bath Single Ended Corner with Bath Screen 1700 x 750mm - Vigo — 6/6 variants, 11 images, 6 variant images
[2026-09-26T12:22:30.617Z] ✓ L Shaped Shower Bath with Front Panel & Bath Screen with Towel Rail, - Lomax — 5/5 variants, 15 images, 5 variant images
[2026-09-26T12:22:36.238Z] ✓ Matt Black Freestanding Double Ended Bath 1300 x 715mm - Phoenix — 1/1 variants, 5 images, 1 variant images
[2026-09-26T12:22:36.997Z] ✓ Single Ended Shower Bath with Front Panel & Hinged Chrome Bath Screen - Rutland — 2/2 variants, 10 images, 2 variant images
[2026-09-26T12:22:45.202Z] ✓ Single Ended Shower Bath with Front Panel and Hinged Black Bath Screen 1500 x 700mm - Alton — 1/1 variants, 8 images, 1 variant images
[2026-09-26T12:22:51.721Z] ✓ Single Ended Shower Bath with Front Panel & Left Hand Black Grid Bath Screen - Alton — 2/2 variants, 9 images, 2 variant images
[2026-09-26T12:22:55.267Z] ✓ Freestanding Shower Bath Single Ended Corner with Bath Screen 1500 x 740mm - Kona — 6/6 variants, 12 images, 6 variant images
[2026-09-26T12:23:00.845Z] ✓ Single Ended Shower Bath with Front Panel & Black Bath Screen 1600 x 700mm - Rutland — 1/1 variants, 7 images, 1 variant images
[2026-09-26T12:23:01.296Z] ✓ Freestanding Single Ended Corner Shower Bath with Bath Screen with Towel Rail - Kona — 4/4 variants, 14 images, 4 variant images
[2026-09-26T12:23:04.317Z] ✓ Black Freestanding Single Ended Shower Bath with Bronze Feet & Black Bath Screen 1670 x 740mm - Park Royal — 1/1 variants, 9 images, 1 variant images
[2026-09-26T12:23:06.368Z] ✓ Single Ended Shower Bath with Front Panel & Bath Screen with Towel Rail - Rutland — 2/2 variants, 9 images, 2 variant images
[2026-09-26T12:23:10.066Z] ✓ Freestanding Single Ended Shower Bath with Black Screen & Bronze Feet 1670 x 740mm - Park Royal — 1/1 variants, 7 images, 1 variant images
[2026-09-26T12:23:10.457Z] ✓ Single Ended Shower Bath with Front Panel & Brushed Brass Screen 1600 x 700mm - Rutland — 1/1 variants, 6 images, 1 variant images
[2026-09-26T12:23:14.313Z] ✓ L Shaped Shower Bath with Front Panel & Brushed Brass Bath Screen Right, Hand 1500 x 850mm - Lomax — 1/1 variants, 7 images, 1 variant images
[2026-09-26T12:23:15.254Z] ✓ Freestanding Single Ended Left Hand Corner Shower Bath with Black Grid Bath Screen 1650 x 800mm - Amaro — 1/1 variants, 9 images, 1 variant images
[2026-09-26T12:23:32.872Z] ✓ Freestanding Single Ended Corner Shower Bath with Bath Screen with Fixed Panel & Towel Rail 1500 x 740mm - Kona — 4/4 variants, 15 images, 4 variant images
[2026-09-26T12:23:33.314Z] ✓ Single Ended Shower Bath with Front Panel & Brushed Brass Screen - Alton — 2/2 variants, 7 images, 2 variant images
[2026-09-26T12:23:33.740Z] ✓ Single Ended Shower Bath with Front Panel & Chrome Bath Screen - Alton — 2/2 variants, 11 images, 2 variant images
[2026-09-26T12:23:34.170Z] ✓ Double Ended Whirlpool Spa Bath with 14 Whirlpool Jets - Chiltern — 2/2 variants, 4 images, 2 variant images
[2026-09-26T12:23:43.203Z] ✓ L Shape Whirlpool Spa Shower Bath, Right Hand 1700 x 850mm - Lomax — 1/1 variants, 6 images, 1 variant images
[2026-09-26T12:23:43.672Z] ✓ Single Ended Whirlpool Spa Bath with 14 Whirlpool & 12 Airspa Jets 1700 x 750mm - Rutland — 1/1 variants, 6 images, 1 variant images
[2026-09-26T12:23:52.579Z] ✓ Single Ended Whirlpool Spa Bath with 14 Whirlpool & 12 Airspa Jets 1800 x 800mm - Alton — 1/1 variants, 6 images, 1 variant images
[2026-09-26T12:23:52.580Z] progress 200/1501 (ok 199, warnings 0, failed 1)
[2026-09-26T12:23:54.023Z] ✓ Single Ended Whirlpool Spa Bath with 8 Whirlpool Jets 1700 x 750mm - Alton — 3/3 variants, 6 images, 3 variant images
[2026-09-26T12:23:55.231Z] ✓ Single Ended Whirlpool Spa Bath with 6 Whirlpool Jets 1700 x 750mm - Alton — 3/3 variants, 6 images, 3 variant images
[2026-09-26T12:24:04.161Z] ✓ Single Ended Whirlpool Spa Bath with 14 Whirlpool Jets 1700 x 750mm - Alton — 3/3 variants, 8 images, 3 variant images
[2026-09-26T12:24:12.721Z] ✓ Double Ended Whirlpool Spa Bath with 14 Whirlpool & 12 Airspa Jets - Burford — 2/2 variants, 6 images, 2 variant images
[2026-09-26T12:24:14.029Z] ✓ Single Ended Whirlpool Spa Bath with 14 Whirlpool Jets - Rutland — 2/2 variants, 7 images, 2 variant images
[2026-09-26T12:24:15.241Z] ✓ Double Ended Whirlpool Spa Bath with 8 Whirlpool Jets 1700 x 750mm - Burford — 3/3 variants, 6 images, 3 variant images
[2026-09-26T12:24:22.633Z] ✓ Left Hand Walk In Bath with Panel and Seat 1300 x 600mm - Serenity — 1/1 variants, 6 images, 1 variant images
[2026-09-26T12:24:23.596Z] ✓ Walk In Bath 1695mm - Columbia — 2/2 variants, 6 images, 2 variant images
[2026-09-26T12:24:30.948Z] ✓ Right Hand Walk In Bath with Panels and Seat 1300 x 600mm - Serenity — 1/1 variants, 5 images, 1 variant images
[2026-09-26T12:24:32.053Z] ✓ Freestanding Double Ended Stone Resin Solid Surface Bath 1650 x 700mm - Monaco — 1/1 variants, 10 images, 1 variant images
[2026-09-26T12:24:32.447Z] ✓ Small Deep Walk In Bath with Front Panel & Integrated Seat 1210 x 660mm - Princeton — 2/2 variants, 6 images, 2 variant images
[2026-09-26T12:24:36.366Z] ✓ L Shaped Shower Bath with Front Panel & Bath Screen, 1700 x 750mm - Yale — 2/2 variants, 6 images, 2 variant images
[2026-09-26T12:24:40.156Z] ✓ Matt White Freestanding Double Ended Bath with Ledge 1700 x 765mm - Clara — 1/1 variants, 7 images, 1 variant images
[2026-09-26T12:24:41.360Z] ✓ Single Ended Shower Bath with Front Panel & Brushed Bath Screen 1500 x 750mm - Cotswold — 1/1 variants, 9 images, 1 variant images
[2026-09-26T12:24:45.300Z] ✓ Single Ended Shower Bath with Front Panel & Hinged Black Bath Screen with Towel Rail 1700 x 700mm - Alton — 1/1 variants, 9 images, 1 variant images
[2026-09-26T12:24:50.744Z] ✓ Freestanding Double Ended Bath 1500 x 750mm with Anti-Slip Base - Eleni — 1/1 variants, 4 images, 1 variant images
[2026-09-26T12:24:53.379Z] ✓ Alton Round Single Ended Bath — 3/3 variants, 8 images, 3 variant images
[2026-09-26T12:24:53.886Z] ✓ Super Deep Double Ended Inset Bath 1800 x 1200mm - Gemini — 1/1 variants, 9 images, 1 variant images
[2026-09-26T12:24:59.739Z] ✓ Freestanding Double Ended Roll Top Bath 1690 x 800mm - Helmsley — 1/1 variants, 5 images, 1 variant images
[2026-09-26T12:25:01.234Z] ✓ Roll Top Deep Freestanding Bath 1300 x 720mm - Florence — 2/2 variants, 5 images, 2 variant images
[2026-09-26T12:25:03.180Z] ✓ Matt White Freestanding Double Ended Bath 1600 x 820mm - Ovo — 1/1 variants, 5 images, 1 variant images
[2026-09-26T12:25:03.506Z] ✗ Freestanding Double Ended Transparent Resin Bath 1700 x 750mm - Aurea — Image URL is invalid; Image URL is invalid; Image URL is invalid; Image URL is invalid; Image URL is invalid; Image URL is invalid; Image URL is invalid
[2026-09-26T12:25:09.012Z] ✓ Freestanding Double Ended Fluted Bath 1650 x 750mm - Lisbon — 1/1 variants, 6 images, 1 variant images
[2026-09-26T12:25:12.589Z] ✓ 1700 x 750 Rutland Single Ended Square Bath with Front Panel and Hinged 1450mm 6mm Chrome Bath Screen — 1/1 variants, 7 images, 1 variant images
[2026-09-26T12:25:15.880Z] ✓ Freestanding Double Ended Bath 1650 x 780mm - Arcus — 2/2 variants, 6 images, 2 variant images
[2026-09-26T12:25:15.882Z] progress 225/1501 (ok 223, warnings 0, failed 2)
[2026-09-26T12:25:16.842Z] ✓ Rutland Single Ended Square Bath with Front Panel & Black Grid Screen - Left Hand 1800 x 800 — 1/1 variants, 8 images, 1 variant images
[2026-09-26T12:25:23.247Z] ✓ Freestanding Double Ended Bath with Ledge and Feet 1700 x 765mm - Clara — 2/2 variants, 8 images, 2 variant images
[2026-09-26T12:25:31.893Z] ✓ 1800 x 800 Rutland Single Ended Square Bath with Front Panel & Hinged 6mm Chrome Bath Screen with Fixed Panel & Towel Rail — 1/1 variants, 8 images, 1 variant images
[2026-09-26T12:25:36.949Z] ✓ Freestanding Single Ended Corner Shower Bath with Sliding Bath Screen 1650 x 800mm - Amaro — 4/4 variants, 13 images, 4 variant images
[2026-09-26T12:25:39.690Z] ✓ Freestanding Single Ended Corner Shower Bath with Bath Screen with Towel Rail 1650 x 800mm - Amaro — 4/4 variants, 13 images, 4 variant images
[2026-09-26T12:25:41.112Z] ✓ Freestanding Single Ended Corner Shower Bath with Bath Screen with Fixed Panel & Towel Rail 1650 x 800mm - Amaro — 4/4 variants, 14 images, 4 variant images
[2026-09-26T12:25:51.264Z] ✓ Single Ended Shower Bath with Front Panel & Bath Screen with Towel Rail 1500 x 700mm - Alton — 2/2 variants, 10 images, 2 variant images
[2026-09-26T12:25:56.210Z] ✓ Freestanding Bath Shower Mixer Tap - Arissa — 4/4 variants, 7 images, 4 variant images
[2026-09-26T12:25:59.277Z] ✓ Freestanding Bath Shower Mixer Tap - Wave — 3/3 variants, 5 images, 3 variant images
[2026-09-26T12:26:00.671Z] ✓ Wall Mounted Bath Spout - Arissa — 2/2 variants, 3 images, 2 variant images
[2026-09-26T12:26:04.859Z] ✓ Chrome Waterfall Bath Mixer Tap - Quadra — 1/1 variants, 5 images, 1 variant images
[2026-09-26T12:26:11.885Z] ✓ Wall Mounted Bath Mixer Tap - Arissa — 4/4 variants, 6 images, 4 variant images
[2026-09-26T12:26:19.666Z] ✓ Bath Mixer Tap - Arissa — 4/4 variants, 6 images, 4 variant images
[2026-09-26T12:26:20.820Z] ✓ 4 Hole Bath Shower Mixer Tap - Arissa — 3/3 variants, 5 images, 3 variant images
[2026-09-26T12:26:25.375Z] ✓ Bath Shower Mixer Tap - Helston — 3/3 variants, 5 images, 3 variant images
[2026-09-26T12:26:32.356Z] ✓ Overflow Bath Filler Tap & Click Clack Waste - Arissa — 3/3 variants, 4 images, 3 variant images
[2026-09-26T12:26:33.101Z] ✓ Brushed Bronze Traditional Bath Shower Mixer - Helston — 1/1 variants, 3 images, 1 variant images
[2026-09-26T12:26:40.674Z] ✓ Wall Mounted Bath Tap - Zana — 2/2 variants, 5 images, 2 variant images
[2026-09-26T12:26:41.075Z] ✓ Gunmetal Bath Mixer Tap - Axel — 1/1 variants, 2 images, 1 variant images
[2026-09-26T12:26:41.489Z] ✓ Traditional Bath Filler - Helston — 3/3 variants, 6 images, 3 variant images
[2026-09-26T12:26:50.592Z] ✓ Black Bath Shower Mixer Tap - Zana — 1/1 variants, 3 images, 1 variant images
[2026-09-26T12:26:50.993Z] ✓ Chrome Wall Mounted Bath Tap - Arissa — 1/1 variants, 3 images, 1 variant images
[2026-09-26T12:26:53.036Z] ✓ Bath Mixer Tap - Wave — 2/2 variants, 4 images, 2 variant images
[2026-09-26T12:26:59.324Z] ✓ Chrome Bath Mixer Tap - Como — 1/1 variants, 3 images, 1 variant images
[2026-09-26T12:27:00.053Z] ✓ Chrome Bath Mixer Tap - Cube — 1/1 variants, 4 images, 1 variant images
[2026-09-26T12:27:00.054Z] progress 250/1501 (ok 248, warnings 0, failed 2)
[2026-09-26T12:27:03.495Z] ✓ Freestanding Bath Shower Mixer Tap - Lenton — 2/2 variants, 7 images, 2 variant images
[2026-09-26T12:27:08.407Z] ✓ Gunmetal Bath Filler Tap - Arissa — 1/1 variants, 3 images, 1 variant images
[2026-09-26T12:27:14.354Z] ✓ Bath Filler - Zana — 2/2 variants, 5 images, 2 variant images
[2026-09-26T12:27:20.743Z] ✓ Freestanding Bath Shower Mixer Tap with Stand Pipes - Helston — 4/4 variants, 10 images, 4 variant images
[2026-09-26T12:27:22.382Z] ✓ Bath Mixer Tap - Zana — 2/2 variants, 4 images, 2 variant images
[2026-09-26T12:27:28.159Z] ✓ Wall Mounted Waterfall Bath Filler Spout - Zanda — 3/3 variants, 5 images, 3 variant images
[2026-09-26T12:27:29.526Z] ✓ Black Single Outlet Shower Valve Zanda — 1/1 variants, 3 images, 1 variant images
[2026-09-26T12:27:35.553Z] ✓ Freestanding Bath Shower Mixer with Shelf - Savannah — 2/2 variants, 8 images, 2 variant images
[2026-09-26T12:27:36.645Z] ✓ Chrome Bath Mixer Tap - Elina — 1/1 variants, 4 images, 1 variant images
[2026-09-26T12:27:38.595Z] ✓ Chrome Wall Mounted Bath Shower Mixer Tap - Wave — 1/1 variants, 3 images, 1 variant images
[2026-09-26T12:27:44.766Z] ✓ Wall Mounted Bath Spout - Zana — 3/3 variants, 4 images, 3 variant images
[2026-09-26T12:27:45.191Z] ✓ Chrome Wall Mounted Bath Mixer Tap - Como — 1/1 variants, 3 images, 1 variant images
[2026-09-26T12:27:47.923Z] ✓ Black Freestanding Bath Filler Shower Mixer Tap - Zana — 1/1 variants, 5 images, 1 variant images
[2026-09-26T12:27:54.404Z] ✓ Gunmetal Freestanding Bath Mixer Tap - Arissa — 1/1 variants, 3 images, 1 variant images
[2026-09-26T12:27:57.166Z] ✓ Matt Black Freestanding Bath Shower Mixer Tap - Elina — 1/1 variants, 5 images, 1 variant images
[2026-09-26T12:27:59.254Z] ✓ Wall Mounted Bath Filler 2 Holes - Como — 2/2 variants, 3 images, 2 variant images
[2026-09-26T12:28:04.144Z] ✓ Mira Minimal Chrome Bath Filler Mixer Tap — 1/1 variants, 2 images, 1 variant images
[2026-09-26T12:28:07.646Z] ✓ Freestanding Bath Shower Mixer - Zana — 3/3 variants, 6 images, 3 variant images
[2026-09-26T12:28:13.070Z] ✓ Brushed Bronze Wall Mounted Bath/Basin Spout - Arissa — 1/1 variants, 2 images, 1 variant images
[2026-09-26T12:28:16.662Z] ✓ Brushed Brass Bath Shower Mixer Tap - Meko — 1/1 variants, 3 images, 1 variant images
[2026-09-26T12:28:20.151Z] ✓ Wall Mounted Bath Mixer Tap with Valve - Zanda — 2/2 variants, 7 images, 2 variant images
[2026-09-26T12:28:21.578Z] ✓ Bath Shower Mixer Tap - Arissa — 2/2 variants, 5 images, 2 variant images
[2026-09-26T12:28:28.519Z] ✓ Brushed Brass Traditional Wall Mounted Bath Spout - Lyla — 1/1 variants, 3 images, 1 variant images
[2026-09-26T12:28:33.811Z] ✓ Traditional Bath Shower Mixer - Ripley — 3/3 variants, 6 images, 3 variant images
[2026-09-26T12:28:36.678Z] ✓ Chrome Bath Filler Spout Thermostatic Mixer Shower Set - Zana — 1/1 variants, 6 images, 1 variant images
[2026-09-26T12:28:36.678Z] progress 275/1501 (ok 273, warnings 0, failed 2)
[2026-09-26T12:28:37.169Z] ✓ Traditional Bath Filler - Ripley — 3/3 variants, 6 images, 3 variant images
[2026-09-26T12:28:42.653Z] ✓ Traditional Wall Mounted Bath Spout - Cambridge — 2/2 variants, 3 images, 2 variant images
[2026-09-26T12:28:45.343Z] ✓ Brushed Brass Bath Filler Tap with Concealed Valve - Lyla — 1/1 variants, 7 images, 1 variant images
[2026-09-26T12:28:53.826Z] ✓ Chrome Traditional Exposed Bath Waste & Exposed Bath Trap - Park Royal — 1/1 variants, 6 images, 1 variant images
[2026-09-26T12:28:54.560Z] ✓ One Outlet Valve With Wall Mounted Bath Spout - Arissa — 2/2 variants, 7 images, 2 variant images
[2026-09-26T12:28:57.510Z] ✓ Easy Clean Click Clack Bath Waste with Overflow - Arissa — 5/5 variants, 6 images, 5 variant images
[2026-09-26T12:29:02.633Z] ✓ Traditional Exposed Bath Waste & Overflow - Park Royal — 3/3 variants, 5 images, 3 variant images
[2026-09-26T12:29:03.332Z] ✓ Traditional Exposed Bath Trap - Chrome — 1/1 variants, 3 images, 1 variant images
[2026-09-26T12:29:11.002Z] ✓ Traditional Exposed Bath Waste - Matt Black — 1/1 variants, 3 images, 1 variant images
[2026-09-26T12:29:11.400Z] ✓ Traditional Bath Waste & Overflow with Plug Ball & Link Chain — 1/1 variants, 2 images, 1 variant images
[2026-09-26T12:29:15.139Z] ✓ Traditional Exposed Shallow Seal Bath Trap & Pipe - Park Royal — 3/3 variants, 5 images, 3 variant images
[2026-09-26T12:29:18.793Z] ✓ Exposed Bath Waste & Exposed Bath Trap - Park Royal — 3/3 variants, 8 images, 3 variant images
[2026-09-26T12:29:19.913Z] ✓ Waste Kit for Traditional Roll Top Bath — 1/1 variants, 4 images, 1 variant images
[2026-09-26T12:29:20.358Z] ✓ 1700mm L Shaped Acrylic Bath Front Panel - Lomax — 1/1 variants, 5 images, 1 variant images
[2026-09-26T12:29:24.636Z] ✓ 1700mm Acrylic Bath Front Panel - Ledbury — 1/1 variants, 2 images, 1 variant images
[2026-09-26T12:29:29.917Z] ✓ Matt White Stone Resin Bath Waste Cover — 1/1 variants, 6 images, 1 variant images
[2026-09-26T12:29:30.357Z] ✓ 1700mm J Shaped Acrylic Bath Panel - Jersey — 1/1 variants, 3 images, 1 variant images
[2026-09-26T12:29:37.802Z] ✓ 700mm Waterproof Bath End Panel & Plinth - Marina — 1/1 variants, 2 images, 1 variant images
[2026-09-26T12:29:38.239Z] ✓ 1700mm Waterproof Bath Front Panel & Plinth - Marina — 1/1 variants, 2 images, 1 variant images
[2026-09-26T12:29:40.813Z] ✓ Acrylic Bath Front Panel - Supastyle — 3/3 variants, 4 images, 3 variant images
[2026-09-26T12:29:46.695Z] ✓ 700mm Acrylic Bath End Panel - Malden — 2/2 variants, 3 images, 2 variant images
[2026-09-26T12:29:47.855Z] ✓ 800mm Grey Wood Grain End Bath Panel - Ashford — 1/1 variants, 3 images, 1 variant images
[2026-09-26T12:29:50.197Z] ✓ 750mm L Shaped Acrylic Bath End Panel - Lomax — 1/1 variants, 3 images, 1 variant images
[2026-09-26T12:29:56.941Z] ✓ Baxenden Matt Blue 800mm End Bath Panel — 1/1 variants, 2 images, 1 variant images
[2026-09-26T12:29:58.350Z] ✓ 1700mm Matt White Acrylic Bath Front Panel - Malden — 1/1 variants, 2 images, 1 variant images
[2026-09-26T12:29:58.352Z] progress 300/1501 (ok 298, warnings 0, failed 2)
[2026-09-26T12:30:00.128Z] ✓ 700mm Wooden Bath End Panel - Ashford — 3/3 variants, 5 images, 3 variant images
[2026-09-26T12:30:06.067Z] ✓ Ashford Wooden L Shape Bath End Panel - White Gloss — 1/1 variants, 2 images, 1 variant images
[2026-09-26T12:30:07.551Z] ✓ 1350mm Acrylic Corner Bath Front Panel - Aubin — 1/1 variants, 3 images, 1 variant images
[2026-09-26T12:30:09.239Z] ✓ Princeton End Panel - W660mm x H965mm — 1/1 variants, 1 images, 1 variant images
[2026-09-26T12:30:13.619Z] ✓ Baxenden Wooden Matt Grey End Bath Panel — 2/2 variants, 3 images, 2 variant images
[2026-09-26T12:30:15.420Z] ✓ 700mm Blue End Bath Panel - Ashbourne — 1/1 variants, 3 images, 1 variant images
[2026-09-26T12:30:16.979Z] ✓ Ashbourne 800mm Wooden End Bath Panel - Indigo Blue — 1/1 variants, 3 images, 1 variant images
[2026-09-26T12:30:19.169Z] ✓ Lomax L Shape 1450mm 6mm Chrome Bath Screen — 1/1 variants, 4 images, 1 variant images
[2026-09-26T12:30:23.571Z] ✓ Nottingham Indigo Blue L Shape End Panel — 1/1 variants, 1 images, 1 variant images
[2026-09-26T12:30:28.100Z] ✓ Brushed Brass Pivot L Shape Shower Bath Screen 1450 x 955mm - Maia — 1/1 variants, 6 images, 1 variant images
[2026-09-26T12:30:35.888Z] ✓ Brass Hinged Shower Bath Screen with Towel Rail 1450 x 775mm - Taurus — 1/1 variants, 3 images, 1 variant images
[2026-09-26T12:30:36.565Z] ✓ Hinged Shower Bath Screen 1450 x 730mm - For Cove & Lisbon Shower Baths — 3/3 variants, 8 images, 3 variant images
[2026-09-26T12:30:37.902Z] ✓ Sliding Bath Screen - Denver — 3/3 variants, 6 images, 3 variant images
[2026-09-26T12:30:44.635Z] ✓ 1450mm x 975mm Hinged Shower Bath Screen with Fixed Panel and Towel Rail - Libra — 2/2 variants, 4 images, 2 variant images
[2026-09-26T12:30:45.915Z] ✓ Gunmetal Grey Hinged Shower Bath Screen 1450 x 775mm - Taurus — 1/1 variants, 3 images, 1 variant images
[2026-09-26T12:30:57.657Z] ✓ Pivot Shower Bath Screen with Towel Rail 1450 x 775mm - Taurus — 2/2 variants, 4 images, 2 variant images
[2026-09-26T12:30:59.063Z] ✓ 2 Outlet Traditional Thermostatic Bar Mixer Shower Set with Hand Shower - Camden — 4/4 variants, 10 images, 4 variant images
[2026-09-26T12:31:04.688Z] ✓ Rectangular Stone Resin Shower Tray — 2/2 variants, 6 images, 2 variant images
[2026-09-26T12:31:05.498Z] ✓ Lomax L Shape 1450mm 6mm Bath Screen with Towel Rail — 2/2 variants, 5 images, 2 variant images
[2026-09-26T12:31:07.557Z] ✓ Chrome 2 Outlet Round Thermostatic Bar Mixer Shower Set with Hand Shower - Vira — 1/1 variants, 9 images, 1 variant images
[2026-09-26T12:31:12.102Z] ✓ Chrome 2 Outlet Square Thermostatic Bar Mixer Shower Set with Hand Shower - Vira — 1/1 variants, 11 images, 1 variant images
[2026-09-26T12:31:14.599Z] ✓ Black Grid Left Hand Shower Bath Screen 1500 x 800mm - Nova — 1/1 variants, 4 images, 1 variant images
[2026-09-26T12:31:27.452Z] ✓ Sliding Door Shower Enclosure Glass - Pavo — 5/5 variants, 8 images, 5 variant images
[2026-09-26T12:31:31.822Z] ✓ Wet Room Shower Tray Formers (Tile-Ready Boards) with Linear End Waste — 2/2 variants, 6 images, 2 variant images
[2026-09-26T12:31:32.567Z] ✓ 2 Outlet Wall Mounted Thermostatic Mixer Shower Set with Hand Shower and Wall Bracket - Arissa — 5/5 variants, 14 images, 5 variant images
[2026-09-26T12:31:32.567Z] progress 325/1501 (ok 323, warnings 0, failed 2)
[2026-09-26T12:31:33.492Z] ✓ 2 Outlet Thermostatic Bar Mixer Shower Set with Hand Shower - Arissa — 4/4 variants, 10 images, 4 variant images
[2026-09-26T12:31:50.627Z] ✓ 2 Outlet Thermostatic Bar Mixer Shower Set with Hand Shower - Zana — 3/3 variants, 12 images, 3 variant images
[2026-09-26T12:31:51.822Z] ✓ 3 Outlet Thermostatic Bar Mixer Shower Set with Bath Filler Spout & Hand Shower - Arissa — 2/2 variants, 7 images, 2 variant images
[2026-09-26T12:31:52.348Z] ✓ Square Stone Resin Shower Tray — 2/2 variants, 5 images, 2 variant images
[2026-09-26T12:31:56.621Z] ✓ Shower Screen for Wet Room & Walk In Shower - Corvus — 9/9 variants, 12 images, 9 variant images
[2026-09-26T12:32:02.189Z] ✓ 1400mm Chrome Sliding Door Shower Enclosure 6mm Glass - Carina — 1/1 variants, 7 images, 1 variant images
[2026-09-26T12:32:11.888Z] ✓ 3 Outlet Traditional Thermostatic Bar Mixer Shower Set with Bath Filler Spout & Hand Shower - Camden — 3/3 variants, 6 images, 3 variant images
[2026-09-26T12:32:12.800Z] ✓ 2 Outlet Push Button Thermostatic Mixer Shower Set with Hand Shower & Shelf - Mika — 3/3 variants, 8 images, 3 variant images
[2026-09-26T12:32:17.112Z] ✓ 2 Outlet Concealed Thermostatic Shower Valve with Integrated Hand Shower - Arissa — 4/4 variants, 8 images, 4 variant images
[2026-09-26T12:32:21.221Z] ✓ 900x900mm Chrome 6mm Quadrant Shower Enclosure - Carina — 1/1 variants, 5 images, 1 variant images
[2026-09-26T12:32:21.630Z] ✓ Hinged Door Shower Enclosure Glass - Pavo — 2/2 variants, 6 images, 2 variant images
[2026-09-26T12:32:29.286Z] ✓ Brass 3 Outlet Wall Mounted Thermostatic Mixer Shower Set with Round Bath Filler Spout and Hand Shower - Arissa — 1/1 variants, 10 images, 1 variant images
[2026-09-26T12:32:32.431Z] ✓ 3 Outlet Thermostatic Bar Mixer Shower Set with Bath Filler Spout & Hand Shower - Zana — 3/3 variants, 10 images, 3 variant images
[2026-09-26T12:32:33.383Z] ✓ Mira Evoco Dual Thermostatic Mixer Shower — 1/1 variants, 13 images, 1 variant images
[2026-09-26T12:32:40.726Z] ✓ Shower Screen for Wet Room & Walk In Shower with Hinged Flipper Return Panel - Corvus — 6/6 variants, 11 images, 6 variant images
[2026-09-26T12:32:46.065Z] ✓ Black 2 Outlet Wall Mounted Thermostatic Mixer Shower Set with Hand Shower & Slide Rail Kit - Zana — 1/1 variants, 12 images, 1 variant images
[2026-09-26T12:32:49.913Z] ✓ 760mm Chrome Hinged Door Shower Enclosure 6mm Glass - Carina — 1/1 variants, 7 images, 1 variant images
[2026-09-26T12:32:52.887Z] ✓ Thermostatic Mixer Outdoor Shower with Pencil Hand Shower 2 Outlets - Suva — 2/2 variants, 10 images, 2 variant images
[2026-09-26T12:32:54.315Z] ✓ Triton Aspirante Electric Shower — 3/3 variants, 14 images, 3 variant images
[2026-09-26T12:32:58.853Z] ✓ 900x900mm Chrome 6mm Glass Square Corner Entry Shower Enclosure - Carina — 1/1 variants, 5 images, 1 variant images
[2026-09-26T12:33:10.506Z] ✓ Brushed Brass 2 Outlet Wall Mounted Thermostatic Mixer Shower Set with Hand Shower and Slide Rail Kit - Arissa — 1/1 variants, 13 images, 1 variant images
[2026-09-26T12:33:11.454Z] ✓ 2 Outlet Thermostatic Mixer Shower Set with Bath Filler Spout and Hand Shower & Wall Bracket - Arissa — 2/2 variants, 12 images, 2 variant images
[2026-09-26T12:33:13.313Z] ✓ 2 Outlet Thermostatic Mixer Shower Set with Bath Filler Spout and Integrated Hand Shower - Arissa — 4/4 variants, 9 images, 4 variant images
[2026-09-26T12:33:15.291Z] ✓ Bi-Fold Door Shower Enclosure Glass - Carina — 2/2 variants, 6 images, 2 variant images
[2026-09-26T12:33:21.551Z] ✓ 1200x800mm Black 8mm Glass Left Hand Offset Quadrant Shower Enclosure With Shower Tray - Pavo — 1/1 variants, 7 images, 1 variant images
[2026-09-26T12:33:21.553Z] progress 350/1501 (ok 348, warnings 0, failed 2)
[2026-09-26T12:33:22.825Z] ✓ Brushed Bronze 2 Outlet Thermostatic Mixer Shower Set with Hand Shower & Slide Rail Kit - Cambridge — 1/1 variants, 4 images, 1 variant images
[2026-09-26T12:33:24.873Z] ✓ Brushed Brass 2 Outlet Wall Mounted Thermostatic Mixer Shower Set with Hand Shower - Slide Rail Kit & Diverter Controls - Zana — 1/1 variants, 9 images, 1 variant images
[2026-09-26T12:33:31.473Z] ✓ 1400x900mm Rectangular 40mm White Stone Resin Shower Tray – Purity — 1/1 variants, 6 images, 1 variant images
[2026-09-26T12:33:32.927Z] ✓ Glass Quadrant Shower Enclosure - Pavo — 3/3 variants, 7 images, 3 variant images
[2026-09-26T12:33:34.339Z] ✓ 1200x900mm Rectangular 25mm Slimline White Stone Resin Shower Tray – Cascade — 1/1 variants, 4 images, 1 variant images
[2026-09-26T12:33:45.139Z] ✓ Ribbed / Fluted Glass Shower Screen for Wet Room & Walk In Shower - Matira — 2/2 variants, 6 images, 2 variant images
[2026-09-26T12:33:52.995Z] ✓ 1 Outlet Traditional Thermostatic Bar Mixer Shower Set - Camden — 3/3 variants, 5 images, 3 variant images
[2026-09-26T12:33:53.414Z] ✓ Chrome 1 Outlet Thermostatic Mixer Shower Set - Flow — 1/1 variants, 7 images, 1 variant images
[2026-09-26T12:33:54.114Z] ✓ Sliding Door Shower Enclosure Glass with Extended Handle - Pavo — 3/3 variants, 7 images, 3 variant images
[2026-09-26T12:33:55.397Z] ✓ 1000mm Curved Glass Shower Screen for Wet Room & Walk In Shower - Raya — 2/2 variants, 12 images, 2 variant images
[2026-09-26T12:34:02.319Z] ✓ Black Thermostatic Outdoor Shower with Pencil Hand Shower 2 Outlets - Fiji — 1/1 variants, 9 images, 1 variant images
[2026-09-26T12:34:03.133Z] ✓ Gainsborough GDRE Thermostatic Bar Mixer Shower Set with Adjustable & Drencher Heads - Round — 1/1 variants, 7 images, 1 variant images
[2026-09-26T12:34:05.354Z] ✓ Chrome 2 Outlet Thermostatic Mixer Shower Set With Hand Shower and Pencil Bath Filler Spout - Arissa — 1/1 variants, 7 images, 1 variant images
[2026-09-26T12:34:17.670Z] ✓ Brushed Brass 2 Outlet Wall Mounted Thermostatic Mixer Shower Set with Hand Shower and Diverter Control - Arissa — 1/1 variants, 10 images, 1 variant images
[2026-09-26T12:34:26.915Z] ✓ 2 Outlet Wall Mounted Thermostatic Mixer Shower Set with Integrated Hand Shower - Arissa — 4/4 variants, 14 images, 4 variant images
[2026-09-26T12:34:30.137Z] ✓ 3 Outlet Push Button Thermostatic Mixer Shower Set with Hand Shower & Bath Filler Spout - Mika — 2/2 variants, 9 images, 2 variant images
[2026-09-26T12:34:34.867Z] ✓ Aqualisa eMOTION 10.5kW Grey Electric Shower — 1/1 variants, 8 images, 1 variant images
[2026-09-26T12:34:35.978Z] ✓ 800x800mm In - Fold Sliding Shower Enclosure 6mm Glass with Shower Tray - Apollo — 3/3 variants, 12 images, 3 variant images
[2026-09-26T12:34:42.083Z] ✓ 3 Outlet Wall Mounted Thermostatic Mixer Shower Set with Waterfall Bath Filler Spout and Hand Shower - Arissa — 2/2 variants, 14 images, 2 variant images
[2026-09-26T12:34:43.330Z] ✓ 800x800mm Brushed Brass Square Sliding In-Fold Shower Enclosure 6mm Glass - Apollo — 1/1 variants, 7 images, 1 variant images
[2026-09-26T12:34:51.309Z] ✓ Slate Effect Rectangular Anti-Slip Slimline Shower Tray - Sileti — 4/4 variants, 9 images, 4 variant images
[2026-09-26T12:34:51.793Z] ✓ Chrome 1 Outlet Thermostatic Mixer Shower Set - Cube — 1/1 variants, 9 images, 1 variant images
[2026-09-26T12:34:57.552Z] ✓ 1 Outlet Wall Mounted Thermostatic Mixer Shower Set - Zana — 2/2 variants, 10 images, 2 variant images
[2026-09-26T12:35:00.341Z] ✓ Chrome 2 Outlet Ceiling Mounted Thermostatic Mixer Shower Set with Integrated Hand Shower - Cube — 1/1 variants, 10 images, 1 variant images
[2026-09-26T12:35:00.745Z] ✓ 900mm Chrome Bi-Fold Door Shower Enclosure 4mm Glass - Lyra — 1/1 variants, 6 images, 1 variant images
[2026-09-26T12:35:00.746Z] progress 375/1501 (ok 373, warnings 0, failed 2)
[2026-09-26T12:35:03.759Z] ✓ 1 Outlet Wall Mounted Thermostatic Mixer Shower Set - Arissa — 2/2 variants, 10 images, 2 variant images
[2026-09-26T12:35:06.350Z] ✓ 1500x800mm Rectangular 25mm Slimline White Stone Resin Shower Tray – Harmony — 1/1 variants, 7 images, 1 variant images
[2026-09-26T12:35:09.317Z] ✓ 1700x800mm Rectangular Anti-Slip 45mm White Stone Resin Shower Tray – Pearl — 1/1 variants, 5 images, 1 variant images
[2026-09-26T12:35:12.330Z] ✓ 1400x800mm Rectangular Anti-Slip 25mm Slimline White Stone Resin Shower Tray – Harmony — 1/1 variants, 7 images, 1 variant images
[2026-09-26T12:35:13.940Z] ✓ Chrome 2 Outlet Wall Mounted Shower Head Thermostatic Mixer Shower Set with Hand Shower - Slide Rail Kit & Diverter Control- Flow — 1/1 variants, 14 images, 1 variant images
[2026-09-26T12:35:21.078Z] ✓ 1200x800mm Chrome 8mm Glass Frameless Rectangular Sliding Shower Enclosure - Denver — 1/1 variants, 9 images, 1 variant images
[2026-09-26T12:35:29.584Z] ✓ In-Fold Sliding Shower Enclosure Glass - Apollo — 2/2 variants, 8 images, 2 variant images
[2026-09-26T12:35:30.836Z] ✓ 2 Outlet Push Button Thermostatic Mixer Shower Set With Hand Shower & Wall Bracket - Priya — 2/2 variants, 11 images, 2 variant images
[2026-09-26T12:35:33.957Z] ✓ 2 Outlet Thermostatic Bar Mixer Shower Set with Hand Shower & Fluted Handles - Arissa — 2/2 variants, 7 images, 2 variant images
[2026-09-26T12:35:43.486Z] ✓ 2 Outlet Wall Mounted Thermostatic Push Button Bath Mixer Shower Set With Hand Shower & Bath Filler Spout - Priya — 2/2 variants, 11 images, 2 variant images
[2026-09-26T12:35:51.618Z] ✓ 1000 x 800mm Wet Room Shower Tray Formers (Tile-Ready Boards) with Square Waste — 1/1 variants, 4 images, 1 variant images
[2026-09-26T12:35:52.344Z] ✓ 3 Outlet Thermostatic Push Button Mixer Shower Set With Bath Filler Spout & Hand Shower - Priya — 2/2 variants, 13 images, 2 variant images
[2026-09-26T12:35:52.766Z] ✓ Rectangular Anti-Slip Slimline Stone Resin Shower Tray - Coast — 2/2 variants, 7 images, 2 variant images
[2026-09-26T12:35:53.227Z] ✓ 3 Outlet Thermostatic Push Button Mixer Shower Set With Bath Filler Spout & Hand Shower with Slide Rail Kit - Priya — 2/2 variants, 13 images, 2 variant images
[2026-09-26T12:36:01.033Z] ✓ 800mm Black Grid Frame Shower Screen for Wet Room & Walk In Shower - Nova — 1/1 variants, 4 images, 1 variant images
[2026-09-26T12:36:02.255Z] ✓ 1400x800mm Black Smoked/Frosted Glass Shower Enclosure for Wet Room & Walk In Shower - Atlas — 1/1 variants, 3 images, 1 variant images
[2026-09-26T12:36:02.704Z] ✓ Brushed Brass Outdoor Shower with Pencil Hand Shower 2 Outlets - Fiji — 1/1 variants, 9 images, 1 variant images
[2026-09-26T12:36:07.246Z] ✓ Brushed Brass 3 Outlet Thermostatic Mixer Shower Set With Waterfall Bath Filler Spout & Hand Shower with Wall Bracket -Zanda — 1/1 variants, 11 images, 1 variant images
[2026-09-26T12:36:11.117Z] ✓ 1300x900mm Rectangular Anti-Slip 40mm White Stone Resin Shower Tray – Purity — 1/1 variants, 5 images, 1 variant images
[2026-09-26T12:36:12.248Z] ✓ 1200x800mm Brushed Brass 8mm Glass Rectangular Frameless Sliding Shower Enclosure - Denver — 1/1 variants, 9 images, 1 variant images
[2026-09-26T12:36:12.726Z] ✓ 900mm Black Smoked Frosted Glass Shower Screen for Wet Room & Walk In Shower - Atlas — 1/1 variants, 2 images, 1 variant images
[2026-09-26T12:36:29.437Z] ✓ Grid Shower Screen for Wet Room & Walk In Shower - Nova — 4/4 variants, 8 images, 4 variant images
[2026-09-26T12:36:32.669Z] ✓ 700mm Shower Screen for Wet Room & Walk In Shower with 300mm Hinged Flipper Panel - Corvus — 2/2 variants, 9 images, 2 variant images
[2026-09-26T12:36:33.877Z] ✓ 1400x900mm Walk-In Shower Screen Enclosure with 300mm Hinged Flipper Return Panel and Shower Tray - Corvus — 2/2 variants, 9 images, 2 variant images
[2026-09-26T12:36:34.292Z] ✓ Grid Shower Screen for Wet Room & Walk In Shower with Hinged Panel - Nova — 2/2 variants, 6 images, 2 variant images
[2026-09-26T12:36:34.292Z] progress 400/1501 (ok 398, warnings 0, failed 2)
[2026-09-26T12:36:38.291Z] ✓ 1400x800mm Brushed Brass Ribbed / Fluted Glass Double Shower Screen for Wet Room & Walk In Shower - Matira — 1/1 variants, 6 images, 1 variant images
[2026-09-26T12:36:43.700Z] ✓ 800mm Black Grid Shower Screen for Wet Room & Walk In Shower with 300mm Hinged Fixed Panel- Nova — 1/1 variants, 7 images, 1 variant images
[2026-09-26T12:36:47.141Z] ✓ 1600x800mm Brushed Nickel Walk-In Shower Enclosure with Hinged Flipper Return Panel – Corvus — 1/1 variants, 3 images, 1 variant images
[2026-09-26T12:36:52.206Z] ✓ 1400x900mm Bronze Walk-In Rectangular Shower Enclosure with Hinged Flipper Return Panel - Corvus — 1/1 variants, 4 images, 1 variant images
[2026-09-26T12:36:53.557Z] ✓ Gunmetal Grey Shower Screen for Wet Room & Walk In Shower with Fixed Return Panel - Corvus — 2/2 variants, 7 images, 2 variant images
[2026-09-26T12:36:54.811Z] ✓ 2300mm Double Shower Screen for Wet Room & Walk In Shower - Corvus — 3/3 variants, 5 images, 3 variant images
[2026-09-26T12:37:01.489Z] ✓ 1600x800mm Gunmetal Grey Grey Walk-In Shower Screen Enclosure with Fixed Return Panel – Corvus — 1/1 variants, 3 images, 1 variant images
[2026-09-26T12:37:02.810Z] ✓ 1200mm Chrome Frameless Sliding Door Shower Enclosure 8mm Glass + Wall Support Bar - Denver — 1/1 variants, 6 images, 1 variant images
[2026-09-26T12:37:09.639Z] ✓ 1200mm Chrome Sliding Door Shower Enclosure 8mm Glass with Traditional Handle - Pavo — 1/1 variants, 7 images, 1 variant images
[2026-09-26T12:37:10.858Z] ✓ 1200x800mm Rectangular Anti-Slip 30mm Slimline White Stone Resin with Gel Coat Mix Shower Tray – Hendra — 1/1 variants, 4 images, 1 variant images
[2026-09-26T12:37:12.602Z] ✓ 800mm Ribbed / Fluted Glass Hinged Door Shower Enclosure 8mm Glass - Matira — 2/2 variants, 11 images, 2 variant images
[2026-09-26T12:37:17.610Z] ✓ 1200mm Sliding Door Shower Enclosure + Wall Support Bar 8mm Glass - Denver — 2/2 variants, 9 images, 2 variant images
[2026-09-26T12:37:21.983Z] ✓ 800x800mm Square 25mm Slimline White Stone Resin Shower Tray – Harmony — 1/1 variants, 7 images, 1 variant images
[2026-09-26T12:37:27.151Z] ✓ 900x900mm Square 25mm Slimline White Stone Resin Shower Tray – Cascade — 1/1 variants, 4 images, 1 variant images
[2026-09-26T12:37:30.215Z] ✓ 800x800mm Square Anti-Slip 45mm White Stone Resin Shower Tray – Pearl — 1/1 variants, 4 images, 1 variant images
[2026-09-26T12:37:32.237Z] ✓ Wet Room Tile-Ready Shower Tray Former with Square Centre Drain - Live Your Colour — 2/2 variants, 6 images, 2 variant images
[2026-09-26T12:37:35.812Z] ✓ 900x900mm Quadrant 45mm White Stone Resin Shower Tray – Pearl — 1/1 variants, 3 images, 1 variant images
[2026-09-26T12:37:36.538Z] ✓ 900x900mm Slate Effect Quadrant Anti-Slip 27mm Slimline Stone Resin Shower Tray - Sileti — 2/2 variants, 3 images, 2 variant images
[2026-09-26T12:37:37.698Z] ✗ Vidalux Pure -1200x800mm White Left-Hand Offset Quadrant Shower Cabin with Hydro Shower Set & Shower Tray — Image URL is invalid; Image URL is invalid; Image URL is invalid; Image URL is invalid
[2026-09-26T12:37:39.780Z] ✓ 900x900mm Wet Room Tileable Shower Tray with Wet Room Install & Square Centre Waste Drainage Kit — 1/1 variants, 8 images, 1 variant images
[2026-09-26T12:37:41.321Z] ✓ 800x800mm Quadrant 25mm Slimline White Stone Resin Shower Tray – Harmony — 1/1 variants, 2 images, 1 variant images
Shopify media upload incomplete: Error: Shopify productCreateMedia: Image URL is invalid; Image URL is invalid
    at assertNoUserErrors (/Users/niazig/Desktop/linxliving/LinxLiving/src/lib/shopify/sync-media.ts:148:11)
    at reconcileProductMedia (/Users/niazig/Desktop/linxliving/LinxLiving/src/lib/shopify/sync-media.ts:251:5)
    at process.processTicksAndRejections (node:internal/process/task_queues:103:5)
    at async createShopifyProduct (/Users/niazig/Desktop/linxliving/LinxLiving/src/lib/shopify/sync-product.ts:536:20)
    at async syncFullProductToShopify (/Users/niazig/Desktop/linxliving/LinxLiving/src/lib/shopify/sync-product-full.ts:267:18)
    at async worker (/Users/niazig/Desktop/linxliving/LinxLiving/scripts/bb-sync-shopify.cjs:88:24)
    at async Promise.all (index 1)
    at async main (/Users/niazig/Desktop/linxliving/LinxLiving/scripts/bb-sync-shopify.cjs:113:3)
[2026-09-26T12:37:50.255Z] ✓ 800mm Chrome 6mm Glass Square Corner Entry Shower Enclosure with Shower Tray - Carina — 1/1 variants, 10 images, 1 variant images
[2026-09-26T12:38:00.407Z] ✓ Vidalux 900x900mm Square Electric Shower Cabin with 9.5kw Triton Electric Shower and Shower Tray — 2/2 variants, 8 images, 2 variant images
[2026-09-26T12:38:01.047Z] ✓ Black Hydro Shower Cabin Quadrant with Shower Tray & 2 Outlet Thermostatic Mixer Shower System - Vidalux — 2/2 variants, 13 images, 2 variant images
[2026-09-26T12:38:01.827Z] ✓ Vidalux Pure - Quadrant Shower Cabin with Hydro Shower Set with Shower Tray — 4/4 variants, 10 images, 1 variant images
[2026-09-26T12:38:01.827Z] progress 425/1501 (ok 422, warnings 0, failed 3)
[2026-09-26T12:38:12.271Z] ✓ 1200x800mm Chrome 6mm Glass Rectangular Sliding Shower Enclosure with Shower Tray - Carina — 1/1 variants, 13 images, 1 variant images
[2026-09-26T12:38:12.731Z] ✓ Glass Rectangular Sliding Shower Enclosure with Shower Tray - Pavo — 3/3 variants, 11 images, 3 variant images
[2026-09-26T12:38:13.183Z] ✓ 900mm Chrome 6mm Glass Square Hinged Shower Enclosure with Shower Tray - Carina — 1/1 variants, 11 images, 1 variant images
[2026-09-26T12:38:20.734Z] ✓ 900mm Black 8mm Glass Quadrant Shower Enclosure with Shower Tray - Pavo — 1/1 variants, 9 images, 1 variant images
[2026-09-26T12:38:22.326Z] ✓ 900mm Chrome 6mm Glass Quadrant Shower Enclosure with Shower Tray - Carina — 1/1 variants, 9 images, 1 variant images
[2026-09-26T12:38:25.933Z] ✓ 800mm Chrome 6mm Glass Square Hinged Shower Enclosure with Low Profile Shower Tray - Carina — 1/1 variants, 14 images, 1 variant images
[2026-09-26T12:38:26.372Z] ✓ Glass Rectangular Sliding Shower Enclosure with Low Profile Shower Tray - Pavo — 3/3 variants, 15 images, 3 variant images
[2026-09-26T12:38:29.956Z] ✓ 900x760mm Chrome 6mm Glass Left Hand Offset Quadrant Shower Enclosure with Shower Tray - Carina — 1/1 variants, 9 images, 1 variant images
[2026-09-26T12:38:35.721Z] ✓ 1200x800mm Black 8mm Glass Frameless Sliding Rectangular Shower Enclosure - Denver — 1/1 variants, 9 images, 1 variant images
[2026-09-26T12:38:36.226Z] ✓ 1200 x 900mm Brushed Brass Rectangular Hinged Shower Enclosure with Low Profile Shower Tray - Pavo — 1/1 variants, 20 images, 1 variant images
[2026-09-26T12:38:39.516Z] ✓ 800mm Brushed Brass 8mm Glass Square Hinged Shower Enclosure - Pavo — 1/1 variants, 6 images, 1 variant images
[2026-09-26T12:38:48.672Z] ✓ Glass Rectangular Sliding Shower Enclosure - Pavo — 3/3 variants, 6 images, 3 variant images
[2026-09-26T12:38:56.329Z] ✓ Glass Rectangular Hinged Shower Enclosure - Pavo — 2/2 variants, 9 images, 2 variant images
[2026-09-26T12:38:56.765Z] ✓ 1000x800mm 8mm Glass Rectangular Shower Enclosure with Extended Handle - Pavo — 2/2 variants, 7 images, 2 variant images
[2026-09-26T12:38:59.789Z] ✓ 1200 x 1200mm Foldable Accessible Shower Enclosure - Easy-Clean Safety Glass Mobility-Friendly Design — 2/2 variants, 4 images, 2 variant images
[2026-09-26T12:39:05.721Z] ✓ 900mm Chrome 4mm Glass Quadrant Shower Enclosure - Lyra — 1/1 variants, 3 images, 1 variant images
[2026-09-26T12:39:08.331Z] ✓ 900x760mm Carina 6mm Offset Quadrant — 1/1 variants, 5 images, 1 variant images
[2026-09-26T12:39:09.030Z] ✓ 800x800mm 6mm Glass Square Bi-Fold Shower Enclosure - Carina — 2/2 variants, 6 images, 2 variant images
[2026-09-26T12:39:15.058Z] ✓ Chrome 4mm Glass Rectangular Bi-Fold Shower Enclosure 900x800mm - Lyra — 1/1 variants, 6 images, 1 variant images
[2026-09-26T12:39:16.518Z] ✓ 1200 x 1200mm Foldable Accessible Shower Enclosure with Grab Rails - Mobility-Friendly Design — 2/2 variants, 10 images, 2 variant images
[2026-09-26T12:39:17.783Z] ✓ 1400x800mm Chrome 6mm Glass Rectangular Sliding Enclosure - Carina — 1/1 variants, 8 images, 1 variant images
[2026-09-26T12:39:18.189Z] ✓ 900mm Chrome 6mm Glass Square Hinged Shower Enclosure - Carina — 1/1 variants, 7 images, 1 variant images
[2026-09-26T12:39:25.868Z] ✓ 800x800mm Chrome 6mm Glass Square Bi-Fold Shower Enclosure - Carina — 1/1 variants, 6 images, 1 variant images
[2026-09-26T12:39:27.044Z] ✓ 1000x700mm Chrome 6mm Glass Rectangular Sliding Shower Enclosure - Carina — 1/1 variants, 8 images, 1 variant images
[2026-09-26T12:39:35.973Z] ✓ 900x800mm 6mm Glass Rectangular Bi-Fold Shower Enclosure - Carina — 2/2 variants, 6 images, 2 variant images
[2026-09-26T12:39:35.975Z] progress 450/1501 (ok 447, warnings 0, failed 3)
[2026-09-26T12:39:37.426Z] ✓ Chrome Glass Rectangular Hinged Shower Enclosure - Carina — 2/2 variants, 8 images, 2 variant images
[2026-09-26T12:39:43.815Z] ✓ Chrome 1 Outlet Wall Mounted Thermostatic Mixer Shower Set - Cambridge — 1/1 variants, 10 images, 1 variant images
[2026-09-26T12:39:44.822Z] ✓ 1 Outlet Thermostatic Mixer Shower Set with Round Hand Shower & Slide Rail Kit - Arissa — 2/2 variants, 8 images, 2 variant images
[2026-09-26T12:39:50.559Z] ✓ 2 Outlet Ceiling Mounted Thermostatic Mixer Shower Set with Hand Shower & Slide Rail Kit - Cambridge — 2/2 variants, 14 images, 2 variant images
[2026-09-26T12:39:56.296Z] ✓ Chrome 2 Outlet Wall Mounted Thermostatic Mixer Shower Set with Hand Shower & Slide Rail Kit - Cube — 1/1 variants, 12 images, 1 variant images
[2026-09-26T12:40:01.064Z] ✓ 2 Outlet Wall Mounted Thermostatic Bath Mixer Shower Set with Bath Filler Spout - Zana — 2/2 variants, 11 images, 2 variant images
[2026-09-26T12:40:02.063Z] ✓ Chrome 2 Outlet Wall Mounted Shower Head Thermostatic Mixer Shower Set with Hand Shower & Slide Rail Kit - Flow — 1/1 variants, 14 images, 1 variant images
[2026-09-26T12:40:03.704Z] ✓ Triton Push Button Bar Diverter Thermostatic Mixer Shower Set — 2/2 variants, 10 images, 2 variant images
[2026-09-26T12:40:10.212Z] ✓ GROHE QuickFix Chrome Vitalio Comfort 250 Shower System with Thermostat for Wall Mounting — 1/1 variants, 11 images, 1 variant images
[2026-09-26T12:40:10.606Z] ✓ Aqualisa eMOTION Electric Shower - 9.5kw - Arctic White — 1/1 variants, 7 images, 1 variant images
[2026-09-26T12:40:13.667Z] ✓ Chrome 2 Outlet Ceiling Mounted Thermostatic Mixer Shower Set with Hand Shower and Wall Bracket - Arissa — 1/1 variants, 10 images, 1 variant images
[2026-09-26T12:40:19.300Z] ✓ Aqualisa Midas Black Safe Touch Thermostatic Mixer Shower Set — 1/1 variants, 6 images, 1 variant images
[2026-09-26T12:40:19.766Z] ✓ Chrome 1 Outlet Wall Mounted Thermostatic Mixer Shower Set - Flow — 1/1 variants, 10 images, 1 variant images
[2026-09-26T12:40:23.184Z] ✓ Triton Amore DuElec 9.5kW Brushed Steel Shower — 1/1 variants, 7 images, 1 variant images
[2026-09-26T12:40:25.486Z] ✓ Thermostatic Mixer Shower Set with Rainfall-Style Curved Arm Hand Shower with Slide Rail Kit - Grace — 2/2 variants, 9 images, 2 variant images
[2026-09-26T12:40:29.330Z] ✓ Chrome 1 Outlet Wall Mounted Thermostatic Mixer Shower Set - Cube — 1/1 variants, 10 images, 1 variant images
[2026-09-26T12:40:33.126Z] ✓ Black 1 Outlet Thermostatic Bar Pencil Mixer Shower Set - Arissa — 1/1 variants, 7 images, 1 variant images
[2026-09-26T12:40:34.343Z] ✓ Chrome 1 Outlet Wall Mounted Thermostatic Mixer Shower Set - Camden — 1/1 variants, 8 images, 1 variant images
[2026-09-26T12:40:41.585Z] ✓ Triton Amore DuElec 9.5kW Black Electric Shower — 1/1 variants, 11 images, 1 variant images
[2026-09-26T12:40:42.785Z] ✓ 1 Outlet Thermostatic Mixer Shower Set With Slide Rail Kit - Zana — 2/2 variants, 8 images, 2 variant images
[2026-09-26T12:40:46.598Z] ✓ Brushed Brass 2 Outlet Wall Mounted Thermostatic Mixer Shower Set with Hand Shower and Diverter Controls - Arissa — 1/1 variants, 12 images, 1 variant images
[2026-09-26T12:40:47.304Z] ✓ Chrome 2 Outlet Wall Mounted Thermostatic Mixer Shower Set with Integrated Hand Shower - Cube — 1/1 variants, 12 images, 1 variant images
[2026-09-26T12:40:54.798Z] ✓ Triton Aspirante 9.5kW Brushed Steel Electric Shower — 1/1 variants, 11 images, 1 variant images
[2026-09-26T12:40:55.208Z] ✓ Triton ENVi 9.0kW Electric Shower With DuElec Shower Kit - Black — 1/1 variants, 14 images, 1 variant images
[2026-09-26T12:40:55.618Z] ✓ Black 1 Outlet Thermostatic Bar Mixer Round Shower Set - Arissa — 1/1 variants, 6 images, 1 variant images
[2026-09-26T12:40:55.619Z] progress 475/1501 (ok 472, warnings 0, failed 3)
[2026-09-26T12:40:56.001Z] ✓ Chrome 1 Outlet Ceiling Mounted Thermostatic Mixer Shower Set - Cambridge — 1/1 variants, 9 images, 1 variant images
[2026-09-26T12:41:04.299Z] ✓ Triton Silent Running Thermostatic Power Shower Set — 1/1 variants, 10 images, 1 variant images
[2026-09-26T12:41:04.723Z] ✓ Chrome 1 Outlet Ceiling Mounted Thermostatic Mixer Shower Set - Flow — 1/1 variants, 10 images, 1 variant images
[2026-09-26T12:41:05.816Z] ✓ Black 1 Outlet Ceiling Mounted Thermostatic Mixer Shower Set - Arissa — 1/1 variants, 10 images, 1 variant images
[2026-09-26T12:41:10.892Z] ✓ Chrome 2 Outlet Ceiling Mounted Shower Head Thermostatic Mixer Shower Set with Hand Shower & Slide Rail Kit - Flow — 1/1 variants, 11 images, 1 variant images
[2026-09-26T12:41:14.195Z] ✓ GROHE QuickFix Precision Thermostat Concealed shower system with Vitalio Comfort 250 — 1/1 variants, 10 images, 1 variant images
[2026-09-26T12:41:14.626Z] ✓ Triton Velino Mixer Shower with Cool Touch Bar Diverter - Black — 1/1 variants, 7 images, 1 variant images
[2026-09-26T12:41:15.305Z] ✓ Chrome 1 Outlet Ceiling Mounted Thermostatic Mixer Shower Set - Cube — 1/1 variants, 9 images, 1 variant images
[2026-09-26T12:41:23.636Z] ✓ Aqualisa Black Smart Glo Dual Ceiling Mounted Smart Digital Mixer Thermostatic Shower HP/Combi — 1/1 variants, 8 images, 1 variant images
[2026-09-26T12:41:24.040Z] ✓ Aqualisa Lumi+ 10.5kW Chrome Electric Shower — 1/1 variants, 10 images, 1 variant images
[2026-09-26T12:41:31.918Z] ✓ Triton 9.5kW Aspirante UNIQ® Electric Shower - Matt Black — 1/1 variants, 4 images, 1 variant images
[2026-09-26T12:41:35.456Z] ✓ GROHE QuickFix Precision Start Thermostatic Shower Mixer — 2/2 variants, 11 images, 2 variant images
[2026-09-26T12:41:38.962Z] ✓ 2 Outlet Thermostatic Push Button Bath Mixer Shower Set With Bath Filler Spout - Priya — 2/2 variants, 11 images, 2 variant images
[2026-09-26T12:41:40.565Z] ✓ Aqualisa Black Smart Glo Dual Wall Mounted Smart Digital Mixer Thermostatic Shower HP/Combi — 1/1 variants, 9 images, 1 variant images
[2026-09-26T12:41:44.999Z] ✓ Mira Vigour Thermostatic Power Shower — 1/1 variants, 3 images, 1 variant images
[2026-09-26T12:41:48.512Z] ✓ 2 Outlet Wall Mounted Thermostatic Mixer Shower Set with Bath Filler Spout - Arissa — 3/3 variants, 13 images, 3 variant images
[2026-09-26T12:41:53.230Z] ✓ Brushed Brass 2 Outlet Thermostatic Mixer Shower Set with Square Bath Filler Spout and Integrated Hand Shower - Zana — 1/1 variants, 5 images, 1 variant images
[2026-09-26T12:41:57.033Z] ✓ Brushed Brass 2 Outlet Thermostatic Bath Mixer Shower Set with Rainfall Bath Filler Spout & Hand Shower with Slide Rail Kit - Zana — 1/1 variants, 10 images, 1 variant images
[2026-09-26T12:42:00.508Z] ✓ 2 Outlet Thermostatic Mixer Shower Set with Overflow Bath Filler and Integrated Hand Shower - Arissa — 3/3 variants, 8 images, 3 variant images
[2026-09-26T12:42:01.884Z] ✓ Overflow Bath Filler Thermostatic Mixer Shower Set - Arissa — 3/3 variants, 7 images, 3 variant images
[2026-09-26T12:42:02.307Z] ✓ Chrome 2 Outlet Wall Mounted Thermostatic Bath Mixer Shower Set with Bath Filler Spout - Zana — 1/1 variants, 10 images, 1 variant images
[2026-09-26T12:42:06.447Z] ✓ Chrome 2 Outlet Thermostatic Bath Mixer Shower Set With Hand Shower and Bath Filler Spout - Zana — 1/1 variants, 10 images, 1 variant images
[2026-09-26T12:42:11.084Z] ✓ Chrome 2 Outlet Thermostatic Mixer Shower Set with Bath Filler Spout & Integrated Hand Shower - Cambridge — 1/1 variants, 5 images, 1 variant images
[2026-09-26T12:42:17.547Z] ✓ Chrome 2 Outlet Wall Mounted Thermostatic Mixer Shower Set with Integrated Hand Shower- Cambridge — 1/1 variants, 6 images, 1 variant images
[2026-09-26T12:42:21.972Z] ✓ Brushed Brass 2 Outlet Thermostatic Mixer Shower Set with Hand Shower & Bath Filler Spout - Cambridge — 1/1 variants, 5 images, 1 variant images
[2026-09-26T12:42:21.974Z] progress 500/1501 (ok 497, warnings 0, failed 3)
[2026-09-26T12:42:24.876Z] ✓ 2 Outlet Thermostatic Bath Mixer Shower Set With Hand Shower and Bath Filler Spout - Zana — 2/2 variants, 9 images, 2 variant images
[2026-09-26T12:42:31.366Z] ✓ Chrome 2 Outlet Ceiling Mounted Thermostatic Mixer Shower Set with Hand Shower & Slide Rail Kit - Cube — 1/1 variants, 11 images, 1 variant images
[2026-09-26T12:42:31.763Z] ✓ 2 Outlet Thermostatic Bath Mixer Shower Set With Waterfall Bath Filler Spout - Zana — 2/2 variants, 15 images, 2 variant images
[2026-09-26T12:42:35.403Z] ✓ Black 1 Outlet Ceiling Mounted Thermostatic Mixer Shower Set - Zana — 1/1 variants, 8 images, 1 variant images
[2026-09-26T12:42:41.143Z] ✓ Chrome 2 Outlet Ceiling Mounted Thermostatic Mixer Shower Set with Integrated Hand Shower - Flow — 1/1 variants, 10 images, 1 variant images
[2026-09-26T12:42:43.575Z] ✓ Chrome 2 Outlet Ceiling Mounted Shower Head Thermostatic Mixer Shower Set with Hand Shower - Slide Rail Kit & Diverter Control- Flow — 1/1 variants, 14 images, 1 variant images
[2026-09-26T12:42:43.962Z] ✓ Chrome 1 Outlet Thermostatic Mixer Shower Set with Slide Rail Kit - Cambridge — 1/1 variants, 7 images, 1 variant images
[2026-09-26T12:42:44.375Z] ✓ 2 Outlet Thermostatic Mixer Shower Set with Integrated Hand Shower - Cambridge — 2/2 variants, 3 images, 2 variant images
[2026-09-26T12:42:51.048Z] ✓ Chrome 1 Outlet Thermostatic Mixer Shower Set with Slide Rail Kit - Camden — 1/1 variants, 8 images, 1 variant images
[2026-09-26T12:42:53.541Z] ✓ Brushed Brass 2 Outlet Thermostatic Wall Mounted Mixer Shower Set with Integrated Hand Shower - Cambridge — 1/1 variants, 5 images, 1 variant images
[2026-09-26T12:42:53.957Z] ✓ Black 1 Outlet Thermostatic Mixer Shower Set with Pencil Hand Shower & Slide Rail Kit- Arissa — 1/1 variants, 6 images, 1 variant images
[2026-09-26T12:42:59.578Z] ✓ GROHE QuickFix Black Vitalio Start System 250 Shower System with Thermostat for Wall Mounting — 1/1 variants, 16 images, 1 variant images
[2026-09-26T12:43:02.677Z] ✓ Grohe Vitalio Joy 260 - Cool Touch Thermostatic Mixer Shower Set — 1/1 variants, 9 images, 1 variant images
[2026-09-26T12:43:04.100Z] ✓ Chrome 1 Outlet Ceiling Mounted Thermostatic Mixer Shower Set - Camden — 1/1 variants, 11 images, 1 variant images
[2026-09-26T12:43:07.476Z] ✓ Chrome 1 Outlet Thermostatic Traditional Mixer Shower Set - Volta — 1/1 variants, 6 images, 1 variant images
[2026-09-26T12:43:12.952Z] ✓ Chrome 400mm Round Wall Arm — 1/1 variants, 2 images, 1 variant images
[2026-09-26T12:43:15.187Z] ✓ Black 3 Outlet Wall Mounted Thermostatic Mixer Shower Set With Hand Shower and Bath Filler Spout - Arissa — 1/1 variants, 12 images, 1 variant images
[2026-09-26T12:43:15.610Z] ✓ 1 Outlet Thermostatic Mixer Shower Set - Volta — 3/3 variants, 9 images, 3 variant images
[2026-09-26T12:43:21.319Z] ✓ Brushed Brass 355mm Wall Mounted Shower Arm - Arissa — 1/1 variants, 2 images, 1 variant images
[2026-09-26T12:43:23.936Z] ✓ Black 357mm Wall Mounted Shower Arm - Arissa — 1/1 variants, 6 images, 1 variant images
[2026-09-26T12:43:24.801Z] ✓ Brushed Bronze Wall Mounted Shower Arm - Arissa — 1/1 variants, 2 images, 1 variant images
[2026-09-26T12:43:26.956Z] ✗ Linear Waste Kit - Lagoon — Image URL is invalid; Image URL is invalid
[2026-09-26T12:43:28.693Z] ✓ 90mm Shower Tray Waste — 5/5 variants, 7 images, 5 variant images
[2026-09-26T12:43:35.193Z] ✓ Chrome Round Outlet Elbow — 1/1 variants, 2 images, 1 variant images
[2026-09-26T12:43:36.519Z] ✓ Ultra Slim Round Shower Head 300mm — 1/1 variants, 2 images, 1 variant images
[2026-09-26T12:43:36.519Z] progress 525/1501 (ok 521, warnings 0, failed 4)
[2026-09-26T12:43:42.236Z] ✓ 250mm Round Rainfall Shower Head - Arissa — 2/2 variants, 5 images, 2 variant images
[2026-09-26T12:43:43.598Z] ✓ Tile-Ready 600mm Linear Waste Cover - Lagoon — 1/1 variants, 3 images, 1 variant images
[2026-09-26T12:43:44.003Z] ✓ Bracket With Hose - Arissa — 2/2 variants, 4 images, 2 variant images
[2026-09-26T12:43:45.368Z] ✓ Chrome 2 Outlet Concealed Thermostatic Shower Valve with Dual Control - Flow — 1/1 variants, 4 images, 1 variant images
[2026-09-26T12:44:02.760Z] ✓ 2 Outlet Concealed Thermostatic Shower Valve with Dual Control - Arissa — 3/3 variants, 7 images, 3 variant images
[2026-09-26T12:44:03.468Z] ✓ Thermostatic Douche Shower / Bidet Shower Spray Kit - Arissa — 5/5 variants, 10 images, 5 variant images
[2026-09-26T12:44:03.900Z] ✓ Shower Hand Shower with Wall Bracket - Arissa — 2/2 variants, 3 images, 2 variant images
[2026-09-26T12:44:04.356Z] ✓ Shower Niche with Shelf 305 x 610mm - Arissa — 2/2 variants, 4 images, 2 variant images
[2026-09-26T12:44:12.760Z] ✓ Brushed Bronze 250mm Shower Head - Arissa — 1/1 variants, 2 images, 1 variant images
[2026-09-26T12:44:13.178Z] ✓ Chrome 3 Function Round Slide Rail Kit — 1/1 variants, 3 images, 1 variant images
[2026-09-26T12:44:13.590Z] ✓ Chrome Square Outlet Elbow — 1/1 variants, 3 images, 1 variant images
[2026-09-26T12:44:13.999Z] ✓ Matt Black Hose with Wall Bracket - Arissa — 1/1 variants, 6 images, 1 variant images
[2026-09-26T12:44:22.489Z] ✓ 200mm Chrome Traditional Round Shower Head — 1/1 variants, 2 images, 1 variant images
[2026-09-26T12:44:23.154Z] ✓ Brushed Brass 200mm Rainfall Square Shower Head & Arm - Zana — 1/1 variants, 5 images, 1 variant images
[2026-09-26T12:44:32.238Z] ✓ Black 250mm Slim Square Shower Head - Zana — 1/1 variants, 4 images, 1 variant images
[2026-09-26T12:44:33.704Z] ✓ 90mm Shower Waste without Dome for Sileti Trays — 2/2 variants, 3 images, 2 variant images
[2026-09-26T12:44:34.887Z] ✓ Wirquin 90mm Fast Flow Shower Tray Waste — 2/2 variants, 9 images, 2 variant images
[2026-09-26T12:44:43.890Z] ✓ Thermostatic Douche Shower / Bidet Shower Spray Kit - Zana — 3/3 variants, 6 images, 3 variant images
[2026-09-26T12:44:44.287Z] ✓ 250mm Chrome Ultra Slim Square Shower Head — 1/1 variants, 2 images, 1 variant images
[2026-09-26T12:44:52.344Z] ✓ Black Square Adjustable Height Slide Rail Kit with Hand Shower - Zana — 1/1 variants, 4 images, 1 variant images
[2026-09-26T12:44:53.328Z] ✓ Shower Outlet Elbow for Concealed Showers - Arissa — 2/2 variants, 4 images, 2 variant images
[2026-09-26T12:44:55.456Z] ✓ 3 Outlet Triple Handle Thermostatic Concealed Shower Valve - Arissa — 2/2 variants, 3 images, 2 variant images
[2026-09-26T12:45:02.292Z] ✓ Better Bathrooms Chrome 300mm Round Ceiling Arm — 1/1 variants, 2 images, 1 variant images
[2026-09-26T12:45:05.269Z] ✓ Traditional 2 Outlet Concealed Thermostatic Concealed Shower Valve with Triple Control - Cambridge — 2/2 variants, 5 images, 2 variant images
[2026-09-26T12:45:09.965Z] ✓ Brushed Brass 2 Outlet Concealed Thermostatic Shower Valve With Triple Control - Zana — 1/1 variants, 4 images, 1 variant images
[2026-09-26T12:45:09.967Z] progress 550/1501 (ok 546, warnings 0, failed 4)
[2026-09-26T12:45:13.550Z] ✓ Brushed Brass Round Adjustable Height Slide Rail Kit with Hand Shower - Arisssa — 1/1 variants, 3 images, 1 variant images
[2026-09-26T12:45:14.972Z] ✓ Shower Niche - Arissa — 3/3 variants, 5 images, 3 variant images
[2026-09-26T12:45:16.652Z] ✓ Shower Slide Rail Kit - Zana — 2/2 variants, 5 images, 2 variant images
[2026-09-26T12:45:18.867Z] ✗ Brushed Brass Grill Waste Cover - Slate Shower Trays — Image URL is invalid; Image URL is invalid; Image URL is invalid; Image URL is invalid; Image URL is invalid; Image URL is invalid
[2026-09-26T12:45:22.094Z] ✓ Black 2 Outlet Concealed Thermostatic Shower Valve with Dual Control - Zana — 1/1 variants, 3 images, 1 variant images
[2026-09-26T12:45:23.615Z] ✓ Matt Black Triple Outlet Triple Handle Thermostatic Concealed Shower Valve - Arissa — 1/1 variants, 2 images, 1 variant images
[2026-09-26T12:45:30.538Z] ✓ Chrome 2 Outlet Concealed Thermostatic Shower Valve with Hand Shower - Cube — 1/1 variants, 4 images, 1 variant images
[2026-09-26T12:45:31.001Z] ✓ 3 Function Round Slide Rail Kit - Arissa — 2/2 variants, 8 images, 2 variant images
[2026-09-26T12:45:31.651Z] ✓ Chrome 1 Outlet Exposed Thermostatic Shower Valve with Cool Touch - Flow — 1/1 variants, 4 images, 1 variant images
[2026-09-26T12:45:39.795Z] ✓ 90mm Linear Waste Pack with Grill - Cascade — 3/3 variants, 6 images, 3 variant images
[2026-09-26T12:45:41.653Z] ✗ Black Grill Waste Cover - Slate Tray — Image URL is invalid; Image URL is invalid; Image URL is invalid; Image URL is invalid; Image URL is invalid; Image URL is invalid
[2026-09-26T12:45:49.339Z] ✓ Brushed Brass 2 Outlet Concealed Thermostatic Shower Valve with Triple Control - Arissa — 1/1 variants, 5 images, 1 variant images
[2026-09-26T12:45:50.134Z] ✓ 1 Outlet Concealed Thermostatic Shower Valve with Dual Control - Arissa — 2/2 variants, 5 images, 2 variant images
[2026-09-26T12:45:50.532Z] ✓ Push Button 2 Outlet Concealed Mixer Shower Valve With Glass Front - Priya — 2/2 variants, 4 images, 2 variant images
[2026-09-26T12:45:50.955Z] ✓ 1 Outlet Concealed Thermostatic Shower Valve with Dual Control - Zana — 2/2 variants, 4 images, 2 variant images
[2026-09-26T12:45:59.794Z] ✓ Chrome 2 Outlet Concealed Thermostatic Shower Valve with Triple Control - Flow — 1/1 variants, 4 images, 1 variant images
[2026-09-26T12:46:00.330Z] ✓ Chrome 1 Outlet Exposed Thermostatic Shower Valve - Flow — 1/1 variants, 2 images, 1 variant images
[2026-09-26T12:46:00.756Z] ✓ Wet Room Install & Drainage Kit with Waste Included - Linear 600 — 1/1 variants, 2 images, 1 variant images
[2026-09-26T12:46:09.693Z] ✓ Chrome 1 Outlet Exposed Thermostatic Shower Bar Valve - Cube — 1/1 variants, 3 images, 1 variant images
[2026-09-26T12:46:10.097Z] ✓ Chrome Traditional 1 Outlet Concealed Thermostatic Concealed Shower Valve with Dual Control - Cambridge — 1/1 variants, 4 images, 1 variant images
[2026-09-26T12:46:10.494Z] ✓ Chrome 1 Outlet Concealed Thermostatic Shower Valve with Dual Control - Flow — 1/1 variants, 4 images, 1 variant images
[2026-09-26T12:46:16.408Z] ✓ Push Button 3 Outlet Concealed Mixer Shower Valve With Glass Front - Priya — 2/2 variants, 4 images, 2 variant images
[2026-09-26T12:46:19.400Z] ✓ 95mm High Riser Kit Pack Suitable for Pearl Offset Quadrant Shower Tray — 1/1 variants, 6 images, 1 variant images
[2026-09-26T12:46:33.563Z] ✓ 95mm High Riser Kit Pack Suitable for Pearl Quadrant Shower Tray - White — 1/1 variants, 5 images, 1 variant images
[2026-09-26T12:46:37.461Z] ✓ Chrome 2 Outlet Concealed Thermostatic Shower Valve with Dual Control - Cube — 1/1 variants, 4 images, 1 variant images
[2026-09-26T12:46:37.463Z] progress 575/1501 (ok 569, warnings 0, failed 6)
[2026-09-26T12:46:40.426Z] ✓ 600mm Linear Waste Cover - Lagoon — 2/2 variants, 3 images, 2 variant images
[2026-09-26T12:46:40.874Z] ✓ Waste Cover - Harmony Tray — 4/4 variants, 5 images, 4 variant images
[2026-09-26T12:46:42.023Z] ✓ Chrome 1 Outlet Concealed Thermostatic Shower Valve with Dual Control - Cube — 1/1 variants, 5 images, 1 variant images
[2026-09-26T12:46:46.622Z] ✓ Black Round Adjustable Height Slide Rail Kit with Hand Shower - Arissa — 1/1 variants, 3 images, 1 variant images
[2026-09-26T12:46:49.953Z] ✓ Sqaure Waste Kit - Lagoon — 1/1 variants, 2 images, 1 variant images
[2026-09-26T12:46:50.416Z] ✓ 300mm Ultra Slim Round Shower Head with Wall Arm — 1/1 variants, 6 images, 1 variant images
[2026-09-26T12:46:51.549Z] ✓ Steel Grill 90mm Linear Waste Pack with Grill - Cascade — 1/1 variants, 4 images, 1 variant images
[2026-09-26T12:46:55.905Z] ✓ Gunmetal Grey Ultra Slim 250mm Shower Head - Arissa — 1/1 variants, 2 images, 1 variant images
[2026-09-26T12:47:00.259Z] ✓ Chrome Traditional 1 Outlet Concealed Thermostatic Shower Valve with Dual Contol- Camden — 1/1 variants, 3 images, 1 variant images
[2026-09-26T12:47:02.545Z] ✓ Black Traditional Round Adjustable Height Slide Rail Kit with Hand Shower - Cambridge — 1/1 variants, 2 images, 1 variant images
[2026-09-26T12:47:04.784Z] ✗ White Grill Waste Cover - Slate Trays — Image URL is invalid; Image URL is invalid; Image URL is invalid; Image URL is invalid; Image URL is invalid; Image URL is invalid; Image URL is invalid
[2026-09-26T12:47:05.936Z] ✓ Installation Kit for Square Drain Wet Room Tray - Live Your Colour — 1/1 variants, 16 images, 1 variant images
[2026-09-26T12:47:06.386Z] ✓ BlackTraditional Shower Head & Wall Arm - Cambridge — 1/1 variants, 3 images, 1 variant images
[2026-09-26T12:47:10.646Z] ✓ 95mm High Riser Panel Kit Suitable for Pearl 760x760mm Square Shower Trays — 1/1 variants, 3 images, 1 variant images
[2026-09-26T12:47:15.234Z] ✓ Gunmetal Grey 2 Outlet Concealed Thermostatic Mixer Shower Valve - Arissa — 1/1 variants, 3 images, 1 variant images
[2026-09-26T12:47:16.344Z] ✓ Black Shower Niche with Shelves 305 x 1210mm - Arissa — 1/1 variants, 3 images, 1 variant images
[2026-09-26T12:47:17.048Z] ✓ Gunmetal Grey 300mm Round Shower Arm - Arissa — 1/1 variants, 2 images, 1 variant images
[2026-09-26T12:47:21.268Z] ✓ Brushed Brass Round Shower Head 250mm and Wall Arm - Arissa — 1/1 variants, 6 images, 1 variant images
[2026-09-26T12:47:25.028Z] ✓ Black 1 Outlet Thermostatic Exposed Bar Shower Valve - Arissa — 1/1 variants, 4 images, 1 variant images
[2026-09-26T12:47:26.116Z] ✓ Brushed Brass Round Adjustable Height Slide Rail Kit with Hand Shower - Vance — 1/1 variants, 3 images, 1 variant images
[2026-09-26T12:47:26.544Z] ✓ 250mm Shower Head and Wall Arm Brushed Brass — 1/1 variants, 5 images, 1 variant images
[2026-09-26T12:47:30.857Z] ✓ Zana Matt Black 250mm Slim Square Shower Head and Ceiling Arm — 1/1 variants, 7 images, 1 variant images
[2026-09-26T12:47:34.717Z] ✓ 250mm Chrome Ultra Slim Square Rainfall Shower Head with Wall Arm — 1/1 variants, 6 images, 1 variant images
[2026-09-26T12:47:36.219Z] ✓ 300mm Chrome Ultra Slim Round Rainfall Shower Head with Ceiling Arm — 1/1 variants, 5 images, 1 variant images
[2026-09-26T12:47:40.631Z] ✓ Chrome 1 Outlet Concealed Thermostatic Mixer Shower Valve - Zana — 1/1 variants, 3 images, 1 variant images
[2026-09-26T12:47:40.634Z] progress 600/1501 (ok 593, warnings 0, failed 7)
[2026-09-26T12:47:44.413Z] ✓ Brushed Brass Traditional Shower Handset and Hose - Lyla — 1/1 variants, 3 images, 1 variant images
[2026-09-26T12:47:45.972Z] ✓ Tile-able 600mm Linear Waste Cover - Live Your Colour — 1/1 variants, 2 images, 1 variant images
[2026-09-26T12:47:49.582Z] ✓ Grate Waste Cover 115x115mm - Lagoon — 2/2 variants, 4 images, 2 variant images
[2026-09-26T12:47:49.999Z] ✓ Matt Black 1 Outlet Concealed Thermostatic Duel Control Shower Valve And Overflow Bath Filler - Arissa — 1/1 variants, 5 images, 1 variant images
[2026-09-26T12:47:55.080Z] ✓ Brushed Brass Traditional 200mm Shower Head & Wall Arm - Lyla — 1/1 variants, 5 images, 1 variant images
[2026-09-26T12:47:57.859Z] ✓ Cambridge Camden Shower Head & Wall Arm - Chrome — 1/1 variants, 5 images, 1 variant images
[2026-09-26T12:47:58.281Z] ✓ Black 250mm Slim Square Shower Head and Wall Arm - Zana — 1/1 variants, 5 images, 1 variant images
[2026-09-26T12:48:04.461Z] ✓ Brushed Brass Traditional Wall Mounted 250mm Shower Head - Cambridge — 1/1 variants, 2 images, 1 variant images
[2026-09-26T12:48:06.019Z] ✓ 1 Outlet Exposed Thermostatic Shower Valve - Volta — 3/3 variants, 5 images, 3 variant images
[2026-09-26T12:48:07.280Z] ✓ Brushed Nickel Square 250mm Shower Head With Wall Arm — 1/1 variants, 5 images, 1 variant images
[2026-09-26T12:48:07.684Z] ✓ 200mm Chrome Traditional Shower Head with Ceiling Arm — 1/1 variants, 7 images, 1 variant images
[2026-09-26T12:48:14.243Z] ✓ Black 250mm Slim Round Shower Head and Wall Arm - Arissa — 1/1 variants, 7 images, 1 variant images
[2026-09-26T12:48:15.473Z] ✓ 250mm Chrome Ultra Slim Square Rainfall Shower Head with Ceiling Arm — 1/1 variants, 5 images, 1 variant images
[2026-09-26T12:48:16.787Z] ✓ 250mm Nickel Round Rainfall Shower Head with Ceiling Arm — 1/1 variants, 5 images, 1 variant images
[2026-09-26T12:48:17.185Z] ✓ 300mm Chrome Ultra Slim Square Rainfall Shower Head — 1/1 variants, 2 images, 1 variant images
[2026-09-26T12:48:23.637Z] ✓ Brushed Nickel Square 250mm Shower Head With Ceiling Arm — 1/1 variants, 5 images, 1 variant images
[2026-09-26T12:48:24.861Z] ✓ Black Adjustable Height Slide Rail Kit with Hand Shower - Camden — 1/1 variants, 3 images, 1 variant images
[2026-09-26T12:48:26.161Z] ✓ 600mm Linear Waste Cover Matt Black - Live Your Colour — 1/1 variants, 4 images, 1 variant images
[2026-09-26T12:48:26.583Z] ✓ 250mm Nickel Round Rainfall Shower Head with Wall Arm — 1/1 variants, 5 images, 1 variant images
[2026-09-26T12:48:33.313Z] ✓ Stainless Polished Chrome Grill LInear 90mm Waste Pack - Cascade — 1/1 variants, 4 images, 1 variant images
[2026-09-26T12:48:34.518Z] ✓ Close Coupled Toilet with Soft Close Seat - Addison — 1/1 variants, 6 images, 1 variant images
[2026-09-26T12:48:35.826Z] ✓ Close Coupled Back to Wall Rimless Toilet with Soft Close Seat and Square Chrome Flush Button - Albi — 1/1 variants, 9 images, 1 variant images
[2026-09-26T12:48:36.439Z] ✓ Close Coupled Rimless Short Projection Toilet with Soft Close Slim Seat - Venice — 1/1 variants, 5 images, 1 variant images
[2026-09-26T12:48:45.638Z] ✓ Close Coupled Rimless Short Projection Toilet with Soft Close Seat - Newport — 1/1 variants, 9 images, 1 variant images
[2026-09-26T12:48:53.904Z] ✓ Close Coupled Rimless Comfort Height Toilet with Soft Close Slim Seat - Indiana — 1/1 variants, 6 images, 1 variant images
[2026-09-26T12:48:53.905Z] progress 625/1501 (ok 618, warnings 0, failed 7)
[2026-09-26T12:48:57.315Z] ✓ Back to Wall Rimless Toilet with Soft Close Seat - Newport — 3/3 variants, 9 images, 3 variant images
[2026-09-26T12:48:58.396Z] ✓ Close Coupled Closed Back Toilet with Sink on Top & Fittings - Legend — 6/6 variants, 18 images, 6 variant images
[2026-09-26T12:49:00.532Z] ✓ Matt Black Wall Hung Smart Bidet Japanese Toilet & 820mm Frame - Purificare — 8/8 variants, 17 images, 8 variant images
[2026-09-26T12:49:10.968Z] ✓ Close Coupled Rimless Toilet with Soft Close Seat - Ashford — 1/1 variants, 16 images, 1 variant images
[2026-09-26T12:49:17.921Z] ✓ Close Coupled Rimless Toilet with Soft Close Seat and Fittings - Ripley — 2/2 variants, 12 images, 2 variant images
[2026-09-26T12:49:21.685Z] ✓ Comfort Height Close Coupled Toilet - Roma — 2/2 variants, 12 images, 2 variant images
[2026-09-26T12:49:25.365Z] ✓ Wall Hung Rimless Toilet with Soft Close Seat, Pneumatic Flush Plate, Frame & Cistern - Newport — 6/6 variants, 18 images, 6 variant images
[2026-09-26T12:49:26.341Z] ✓ Back to Wall Rimless Toilet and Soft Close Seat - Roma — 1/1 variants, 8 images, 1 variant images
[2026-09-26T12:49:34.472Z] ✓ Close Coupled Rimless Open Back Toilet with Soft Close Seat - Austin — 1/1 variants, 8 images, 1 variant images
[2026-09-26T12:49:34.884Z] ✓ Close Coupled Rimless Toilet with Soft Close Seat - Ripley — 1/1 variants, 11 images, 1 variant images
[2026-09-26T12:49:35.271Z] ✓ ONLY OPENED - 600mm White Wall Hung Vanity Unit with Basin - Pendle — 1/1 variants, 4 images, 1 variant images
[2026-09-26T12:49:39.216Z] ✓ Wall Hung Rimless Toilet with Soft Close Seat, Pneumatic Flush Plate, Frame & Cistern - Roma — 10/10 variants, 27 images, 10 variant images
[2026-09-26T12:49:44.956Z] ✓ ONLY OPENED - 600mm White Wall Hung Vanity Unit with Basin - Pendle — 1/1 variants, 7 images, 1 variant images
[2026-09-26T12:49:45.400Z] ✓ ONLY OPENED - 800mm White Wall Hung Vanity Unit with Basin and Black Handle - Ashford — 1/1 variants, 5 images, 1 variant images
[2026-09-26T12:49:46.225Z] ✓ GRADE A2 - Black Sliding Recessed Bathroom Mirror Cabinet with Lights 600 x 600mm - Elara — 1/1 variants, 8 images, 1 variant images
[2026-09-26T12:49:48.219Z] ✓ ONLY OPENED - Black Wall Mounted Bath Mixer Tap - Zanda — 1/1 variants, 3 images, 1 variant images
[2026-09-26T12:49:54.322Z] ✓ GRADE A1 - Brushed Brass Freestanding Bath Shower Mixer Tap - Lenton — 1/1 variants, 6 images, 1 variant images
[2026-09-26T12:49:54.716Z] ✓ ONLY OPENED - Brushed Brass Wall Mounted Bath Mixer Tap - Arissa — 1/1 variants, 3 images, 1 variant images
[2026-09-26T12:49:55.611Z] ✓ ONLY OPENED - L Shape Grey Gloss Bath End Panel - Ashford — 1/1 variants, 2 images, 1 variant images
[2026-09-26T12:49:57.544Z] ✓ ONLY OPENED - Brushed Brass Thermostatic Mixer Shower with Slider Riser Rail Kit - Arissa — 1/1 variants, 7 images, 1 variant images
[2026-09-26T12:50:03.792Z] ✓ GRADE A1 - Triton Aspirante 9.5kW Matte Black Electric Shower — 1/1 variants, 9 images, 1 variant images
[2026-09-26T12:50:04.192Z] ✓ ONLY OPENED - Brushed Brass Thermostatic Bar Valve with Bottom Outlet - Arissa — 1/1 variants, 4 images, 1 variant images
[2026-09-26T12:50:05.047Z] ✓ ONLY OPENED - Black Concealed Thermostatic Shower Valve 1 Outlet - Camden — 1/1 variants, 3 images, 1 variant images
[2026-09-26T12:50:07.258Z] ✓ ONLY OPENED - 90mm Matt Black Shower Waste — 1/1 variants, 2 images, 1 variant images
[2026-09-26T12:50:14.448Z] ✓ Close Coupled Comfort Height Toilet with Soft Close Seat - Pendle — 1/1 variants, 9 images, 1 variant images
[2026-09-26T12:50:14.449Z] progress 650/1501 (ok 643, warnings 0, failed 7)
[2026-09-26T12:50:15.307Z] ✓ Wall Hung Rimless Toilet & Grohe Frame Cistern and Chrome Flush Plate - Roma — 1/1 variants, 6 images, 1 variant images
[2026-09-26T12:50:17.071Z] ✓ Close Coupled Short Projection Toilet with Soft Close Seat - Seren — 1/1 variants, 7 images, 1 variant images
[2026-09-26T12:50:25.562Z] ✓ Back to Wall Comfort Height Toilet with Soft Close Seat - Addison — 1/1 variants, 5 images, 1 variant images
[2026-09-26T12:50:28.169Z] ✓ Wall Hung Smart Bidet Japanese Toilet - Purificare — 1/1 variants, 11 images, 1 variant images
[2026-09-26T12:50:29.811Z] ✓ Wall Hung Toilet with Soft Close Seat Pneumatic Flush Plate 1170mm Frame & Cistern - Alcor — 3/3 variants, 16 images, 3 variant images
[2026-09-26T12:50:37.124Z] ✓ Close Coupled Short Projection Toilet with Soft Close Seat - Laurel — 1/1 variants, 6 images, 1 variant images
[2026-09-26T12:50:37.789Z] ✓ Back to Wall Rimless Toilet and Soft Close Seat - Ripley — 1/1 variants, 12 images, 1 variant images
[2026-09-26T12:50:38.579Z] ✓ Back to Wall Smart Bidet Japanese Toilet with Glass Cabinet, Cistern & Pneumatic Dual Flush Button - Purificare — 2/2 variants, 11 images, 2 variant images
[2026-09-26T12:50:47.142Z] ✓ Back to Wall Rimless Comfort Height Toilet with Soft Close Seat - Austin — 1/1 variants, 10 images, 1 variant images
[2026-09-26T12:50:54.804Z] ✓ Back to Wall Rimless Toilet with Soft Close Seat - Austin — 1/1 variants, 10 images, 1 variant images
[2026-09-26T12:50:56.706Z] ✓ Wall Hung Smart Bidet Japanese Toilet & 820mm Frame Cistern and Pneumatic Flush Plate - Purificare — 5/5 variants, 21 images, 5 variant images
[2026-09-26T12:50:59.905Z] ✓ Back to Wall Smart Bidet Japanese Toilet - Purificare — 2/2 variants, 9 images, 2 variant images
[2026-09-26T12:51:01.705Z] ✓ Back to Wall Rimless Toilet with Soft Close Seat - Albi — 2/2 variants, 12 images, 2 variant images
[2026-09-26T12:51:05.842Z] ✓ Close Coupled Rimless Open Back Comfort Height Toilet with Soft Close Seat - Austin — 1/1 variants, 9 images, 1 variant images
[2026-09-26T12:51:11.468Z] ✓ Close Coupled Rimless Closed Back Toilet with Soft Close Seat - Austin — 1/1 variants, 8 images, 1 variant images
[2026-09-26T12:51:14.399Z] ✓ Back to Wall Toilet with Soft Close Seat - Addison — 1/1 variants, 7 images, 1 variant images
[2026-09-26T12:51:21.735Z] ✓ Fluted Wall Hung Rimless Short Projection Toilet with Soft Close Seat - Oregon — 2/2 variants, 12 images, 2 variant images
[2026-09-26T12:51:23.454Z] ✓ Close Coupled Comfort Height Short Projection Toilet with Soft Close Seat - Austin — 1/1 variants, 10 images, 1 variant images
[2026-09-26T12:51:28.107Z] ✓ Wall Hung Smart Bidet Japanese Toilet & 1160mm Frame Cistern and Flush Plate - Purificare — 3/3 variants, 18 images, 3 variant images
[2026-09-26T12:51:30.650Z] ✓ Close Coupled Toilet with Soft Close Wrap Seat - Pendle — 1/1 variants, 8 images, 1 variant images
[2026-09-26T12:51:37.591Z] ✓ Close Coupled Rimless Toilet with Wooden Soft Close Seat and Chrome Fittings - Ripley — 1/1 variants, 10 images, 1 variant images
[2026-09-26T12:51:38.587Z] ✓ Wall Hung Rimless Toilet with Soft Close Seat, Mechanical Flush Plate, 1168mm Frame & Cistern - Newport — 3/3 variants, 15 images, 3 variant images
[2026-09-26T12:51:40.386Z] ✓ Close Coupled Rimless Closed Back Toilet with Tornado Flush - Tanya — 1/1 variants, 10 images, 1 variant images
[2026-09-26T12:51:49.281Z] ✓ Wall Hung Rimless Toilet with Soft Close Seat – Roma — 1/1 variants, 7 images, 1 variant images
[2026-09-26T12:51:50.393Z] ✓ Wall Hung Rimless Toilet with Soft Close Seat, Mechanical Flush Plate, 1168mm Frame & Cistern - Roma — 3/3 variants, 16 images, 3 variant images
[2026-09-26T12:51:50.394Z] progress 675/1501 (ok 668, warnings 0, failed 7)
[2026-09-26T12:51:50.809Z] ✓ Wall Hung Toilet with Soft Close Seat, Brushed Bronze Pneumatic Flush Plate, 820mm Frame & Cistern - Alcor — 1/1 variants, 17 images, 1 variant images
[2026-09-26T12:51:57.873Z] ✓ Back to Wall Short Projection Toilet with Soft Close Seat - Portland — 1/1 variants, 6 images, 1 variant images
[2026-09-26T12:51:58.588Z] ✓ Roma Comfort Height Close Coupled Smart Bidet Japanese Toilet with Heated Seat - Purificare — 1/1 variants, 10 images, 1 variant images
[2026-09-26T12:52:06.729Z] ✓ Wall Hung Smart Bidet Japanese Toilet with Heated Seat & 820mm Frame Cistern and Sensor Flush Plate - Purificare — 2/2 variants, 21 images, 2 variant images
[2026-09-26T12:52:07.158Z] ✓ Close Coupled Rimless Toilet with Soft Close Seat - Grohe Bau Closed Back — 1/1 variants, 5 images, 1 variant images
[2026-09-26T12:52:10.957Z] ✓ Back to Wall Rimless Toilet and Soft Close Seat - Ashford — 1/1 variants, 11 images, 1 variant images
[2026-09-26T12:52:16.041Z] ✓ Close Coupled Rimless Toilet with Soft Close Seat - Grohe Euro Closed Back — 1/1 variants, 5 images, 1 variant images
[2026-09-26T12:52:16.501Z] ✓ Wall Hung Toilet with Soft Close Seat Frame Cistern and Flush - Alcor — 3/3 variants, 16 images, 3 variant images
[2026-09-26T12:52:20.503Z] ✓ Close Coupled Rimless Closed Back Toilet with Soft Close Seat - Palma — 1/1 variants, 9 images, 1 variant images
[2026-09-26T12:52:34.491Z] ✓ Wall Hung Smart Bidet Japanese Toilet with Heated Seat - Purificare — 6/6 variants, 21 images, 6 variant images
[2026-09-26T12:52:38.642Z] ✓ Wall Hung Rimless Toilet with Soft Close Seat, Pneumatic Flush Plate, Frame & Cistern - Austin — 10/10 variants, 20 images, 10 variant images
[2026-09-26T12:52:39.529Z] ✓ Wall Hung Toilet with Soft Close Seat Pneumatic Flush Plate 820mm Frame & Cistern - Verona White — 3/3 variants, 16 images, 3 variant images
[2026-09-26T12:52:43.829Z] ✓ Wall Hung Smart Bidet Japanese Toilet with Heated Seat, Pneumatic Flush Plate, 820mm Frame & Cistern - Purificare — 4/4 variants, 16 images, 4 variant images
[2026-09-26T12:52:48.603Z] ✓ Indiana Close Coupled Comfort Height Smart Bidet Japanese Toilet with Heated Seat - Purificare — 1/1 variants, 10 images, 1 variant images
[2026-09-26T12:52:51.438Z] ✓ Tanya Close Coupled Smart Bidet Japanese Toilet with Heated Seat - Purificare — 1/1 variants, 11 images, 1 variant images
[2026-09-26T12:52:51.866Z] ✓ Newport Back to Wall Smart Bidet Japanese Toilet with Heated Seat - Purificare — 1/1 variants, 10 images, 1 variant images
[2026-09-26T12:52:57.545Z] ✓ Close Coupled Rimless Closed Back Comfort Height Toilet with Soft Close Seat - Austin — 1/1 variants, 9 images, 1 variant images
[2026-09-26T12:52:59.305Z] ✓ Back to Wall Traditional Toilet with Wooden Soft Close Seat and Hinges - Park Royal — 3/3 variants, 12 images, 3 variant images
[2026-09-26T12:53:06.179Z] ✓ Addison Close Coupled Open Back Smart Bidet Japanese Toilet with Heated Seat - Purificare — 1/1 variants, 9 images, 1 variant images
[2026-09-26T12:53:07.661Z] ✓ Roma Close Coupled Smart Bidet Japanese Toilet with Heated Seat - Purificare — 1/1 variants, 10 images, 1 variant images
[2026-09-26T12:53:13.883Z] ✓ Wall Hung Rimless Short Projection Toilet with Soft Close Seat - Newport — 2/2 variants, 10 images, 2 variant images
[2026-09-26T12:53:16.516Z] ✓ Wall Hung Rimless Toilet with Soft Close Seat - Austin — 1/1 variants, 8 images, 1 variant images
[2026-09-26T12:53:17.396Z] ✓ Wall Hung Rimless Short Projection Toilet with Soft Close Seat - Verona — 2/2 variants, 14 images, 2 variant images
[2026-09-26T12:53:25.998Z] ✓ Back to Wall Rimless Comfort Height Toilet with Soft Close Seat - Pendle — 1/1 variants, 14 images, 1 variant images
[2026-09-26T12:53:30.846Z] ✓ Wall Hung Smart Bidet Japanese Toilet with Heated Seat & Brushed Bronze Pneumatic Flush Plate, 1168mm Frame & Cistern - Purificare — 1/1 variants, 21 images, 1 variant images
[2026-09-26T12:53:30.847Z] progress 700/1501 (ok 693, warnings 0, failed 7)
[2026-09-26T12:53:31.311Z] ✓ Wall Hung Smart Bidet Japanese Toilet & 1160mm Frame Cistern and Pneumatic Flush Plate - Purificare — 5/5 variants, 20 images, 5 variant images
[2026-09-26T12:53:38.203Z] ✓ Back To Wall Smart Bidet Japanese Toilet With Glass Cabinet, Frame, Cistern & Pneumatic Dual Flush Button - Purificare — 2/2 variants, 9 images, 2 variant images
[2026-09-26T12:53:38.611Z] ✓ Fluted Wall Hung Toilet Toilet, 820mm Pneumatic Frame and Cistern & Gunmetal Pneumatic Flush Plate - Oregon — 1/1 variants, 15 images, 1 variant images
[2026-09-26T12:53:39.737Z] ✓ Back To Wall Rimless Toilet with Tornado Flush - Tanya — 1/1 variants, 10 images, 1 variant images
[2026-09-26T12:53:54.171Z] ✓ Wall Hung Toilet with Soft Close Toilet Seat, Pneumatic Flush Plate, Frame & Cistern - Alcor — 2/2 variants, 18 images, 2 variant images
[2026-09-26T12:54:01.230Z] ✓ Wall Hung Smart Bidet Japanese Toilet with Glass Cabinet, Frame, Cistern & Pneumatic Dual Flush Button - Purificare — 4/4 variants, 17 images, 4 variant images
[2026-09-26T12:54:02.074Z] ✓ Back to Wall Traditional Toilet with Black Wooden Soft Close Seat - Park Royal — 1/1 variants, 6 images, 1 variant images
[2026-09-26T12:54:02.537Z] ✓ Back to Wall Toilet with Glass Cabinet, Cistern & Pneumatic Dual Flush Button - Albi — 3/3 variants, 14 images, 3 variant images
[2026-09-26T12:54:03.928Z] ✓ Fluted Wall Hung Rimless Toilet with Soft Close Seat, Pneumatic Flush Plate, Frame & Cistern - Oregon — 13/13 variants, 25 images, 13 variant images
[2026-09-26T12:54:10.107Z] ✓ Close Coupled Rimless Toilet with Black Wooden Soft Close Seat – Ripley — 1/1 variants, 6 images, 1 variant images
[2026-09-26T12:54:11.670Z] ✓ Wall Hung Rimless Toilet with Tornado Flush and Soft Close Seat - Albi — 1/1 variants, 9 images, 1 variant images
[2026-09-26T12:54:15.830Z] ✓ Wall Hung Toilet with White Glass Cabinet, Cistern & Pneumatic Dual Flush Button - Albi — 1/1 variants, 12 images, 1 variant images
[2026-09-26T12:54:28.544Z] ✓ Wall Hung Smart Bidet Japanese Toilet with Frame Cistern and Sensor Flush Plate - Purificare — 4/4 variants, 17 images, 4 variant images
[2026-09-26T12:54:34.414Z] ✓ Matt Black Wall Hung Smart Bidet Japanese Toilet & 1160mm Frame Cistern - Purificare — 7/7 variants, 17 images, 7 variant images
[2026-09-26T12:54:36.072Z] ✓ Fluted Wall Hung Rimless Toilet with Soft Close Seat, Glass Sensor Flush Plate, Frame & Cistern - Oregon — 6/6 variants, 21 images, 6 variant images
[2026-09-26T12:54:37.266Z] ✓ Addison Close Coupled Closed Back Smart Bidet Japanese Toilet with Heated Seat - Purificare — 1/1 variants, 9 images, 1 variant images
[2026-09-26T12:54:39.765Z] ✓ Wall Hung Rimless Toilet with Soft Close Seat, Pneumatic Flush Plate, Frame & Cistern - Verona — 5/5 variants, 18 images, 5 variant images
[2026-09-26T12:54:43.774Z] ✓ Close Coupled Comfort Height Toilet with Soft Close Seat - Addison — 1/1 variants, 5 images, 1 variant images
[2026-09-26T12:54:46.813Z] ✓ Close Coupled Short Projection Toilet with Soft Close Seat - Portland — 1/1 variants, 7 images, 1 variant images
[2026-09-26T12:54:54.430Z] ✓ Addison Close Coupled Comfort Height Smart Bidet Japanese Toilet with Heated Seat - Purificare — 1/1 variants, 9 images, 1 variant images
[2026-09-26T12:55:01.243Z] ✓ Wall Hung Rimless Toilet with Soft Close Seat, Mechanical Flush Plate, 1168mm Frame & Cistern - Verona — 5/5 variants, 17 images, 5 variant images
[2026-09-26T12:55:02.270Z] ✓ Traditional Close Coupled Toilet with Wooden Soft Close Seat & Chrome Fittings - Park Royal — 1/1 variants, 10 images, 1 variant images
[2026-09-26T12:55:03.608Z] ✓ Close Coupled Traditional Toilet with Wooden Soft Close Seat & Fittings - Park Royal — 2/2 variants, 11 images, 2 variant images
[2026-09-26T12:55:04.057Z] ✓ Close Coupled Rimless Closed Back Toilet with Soft Close Seat & Push Button - Albi — 3/3 variants, 9 images, 3 variant images
[2026-09-26T12:55:10.888Z] ✓ Ideal Standard Eurovit+ Close Coupled Comfort Height Toilet with Soft Close Seat — 1/1 variants, 8 images, 1 variant images
[2026-09-26T12:55:10.889Z] progress 725/1501 (ok 718, warnings 0, failed 7)
[2026-09-26T12:55:16.121Z] ✓ Ideal Standard i.life A Close Coupled Rimless Toilet With Soft Close Seat — 1/1 variants, 11 images, 1 variant images
[2026-09-26T12:55:16.546Z] ✓ Ideal Standard Eurovit+ Close Coupled Toilet with Soft Close Seat — 1/1 variants, 12 images, 1 variant images
[2026-09-26T12:55:21.658Z] ✓ Close Coupled Traditional Toilet with Wooden Soft Close Seat & Flush Lever - Park Royal — 2/2 variants, 8 images, 2 variant images
[2026-09-26T12:55:34.705Z] ✓ Close Coupled Closed Back Comfort Height Toilet with Soft Close Seat and Push Button - Indiana — 3/3 variants, 11 images, 3 variant images
[2026-09-26T12:55:40.739Z] ✓ Close Coupled Traditional Low Level Short Projection Toilet with Wooden Soft Close Seat & Fittings - Park Royal — 6/6 variants, 14 images, 6 variant images
[2026-09-26T12:55:42.988Z] ✓ Close Coupled Rimless Closed Back Short Projection Toilet with Button and Tornado Flush - Newport — 5/5 variants, 22 images, 5 variant images
[2026-09-26T12:55:47.959Z] ✓ Traditional High Level Short Projection Toilet with Wooden Soft Close Seat - Park Royal — 2/2 variants, 17 images, 2 variant images
[2026-09-26T12:55:51.177Z] ✓ Close Coupled Traditional Toilet with Black Wooden Soft Close Seat & Brushed Brass Handle - Park Royal — 1/1 variants, 7 images, 1 variant images
[2026-09-26T12:55:52.762Z] ✓ Ideal Standard i.life S Close Coupled Rimless Short Projection Open Back Toilet With Soft Close Seat — 1/1 variants, 9 images, 1 variant images
[2026-09-26T12:55:57.478Z] ✓ Ideal Standard i.life S Close Coupled Rimless Short Projection Closed Back Toilet With Soft Close Seat — 1/1 variants, 9 images, 1 variant images
[2026-09-26T12:56:00.370Z] ✓ Ideal Standard i.life S Close Coupled Rimless Short Projection Corner Toilet With Soft Close Seat — 1/1 variants, 9 images, 1 variant images
[2026-09-26T12:56:02.101Z] ✓ Close Coupled Rimless Open Back Short Projection Toilet with Button and Tornado Flush - Newport — 5/5 variants, 19 images, 5 variant images
[2026-09-26T12:56:06.312Z] ✓ Tanya Back to Wall Smart Bidet Japanese Toilet with Heated Seat - Purificare — 1/1 variants, 12 images, 1 variant images
[2026-09-26T12:56:10.222Z] ✓ Back to Wall Rimless Toilet and Wooden Soft Close Seat with Chrome Hinges - Ripley — 1/1 variants, 9 images, 1 variant images
[2026-09-26T12:56:10.926Z] ✓ Black Back to Wall Toilet with Black Glass Cabinet, Cistern & Pneumatic Dual Flush Button - Albi — 1/1 variants, 11 images, 1 variant images
[2026-09-26T12:56:18.454Z] ✓ Back to Wall Rimless Toilet and Black Wooden Soft Close Seat – Ripley — 1/1 variants, 5 images, 1 variant images
[2026-09-26T12:56:24.134Z] ✓ Back to Wall Rimless Toilet and Soft Close Seat with Hinges - Ripley — 2/2 variants, 10 images, 2 variant images
[2026-09-26T12:56:27.525Z] ✓ Ideal Standard i.life A Back To Wall Rimless Toilet With Soft Close Seat — 1/1 variants, 8 images, 1 variant images
[2026-09-26T12:56:31.178Z] ✓ Back to Wall Toilet with Glass Cabinet, Cistern & Pneumatic Dual Flush Button - Roma — 2/2 variants, 12 images, 2 variant images
[2026-09-26T12:56:31.852Z] ✓ Back to Wall Rimless Short Projection Toilet with Soft Close Seat and Tornado Flush - Newport — 1/1 variants, 8 images, 1 variant images
[2026-09-26T12:56:36.817Z] ✓ Wall Hung Toilet with Soft Close Seat Pneumatic Flush Plate 820mm Frame & Cistern - Alcor — 3/3 variants, 16 images, 3 variant images
[2026-09-26T12:56:39.338Z] ✓ Ideal Standard i.life S Back To Wall Rimless Short Projection Toilet With Concealed Cistern & Chrome Flush Plate — 1/1 variants, 12 images, 1 variant images
[2026-09-26T12:56:40.105Z] ✓ Roma Wall Hung Smart Bidet Japanese Toilet with Heated Seat - Purificare — 1/1 variants, 10 images, 1 variant images
[2026-09-26T12:56:56.367Z] ✓ Wall Hung Smart Bidet Japanese Toilet with Heated Seat & 1160mm Frame Cistern and Pneumatic Flush Plate - Purificare — 3/3 variants, 23 images, 3 variant images
[2026-09-26T12:57:00.516Z] ✓ Wall Hung Smart Bidet Japanese Toilet with Heated Seat, Glass Cabinet, Frame, Cistern & Pneumatic Dual Flush Button - Purificare — 2/2 variants, 21 images, 2 variant images
[2026-09-26T12:57:00.517Z] progress 750/1501 (ok 743, warnings 0, failed 7)
[2026-09-26T12:57:01.175Z] ✓ Wall Hung Toilet with Glass Cabinet, Cistern & Pneumatic Dual Flush Button - Roma — 2/2 variants, 15 images, 2 variant images
[2026-09-26T12:57:02.069Z] ✓ Wall Hung Rimless Toilet with Soft Close Seat, Glass Sensor Flush Plate, Frame & Cistern - Newport — 4/4 variants, 17 images, 4 variant images
[2026-09-26T12:57:19.695Z] ✓ Fluted Wall Hung Rimless Toilet with Soft Close Seat, Mechanical Flush Plate, 1168mm Frame & Cistern - Oregon — 2/2 variants, 19 images, 2 variant images
[2026-09-26T12:57:24.368Z] ✓ Wall Hung Toilet with Soft Close Seat, Pneumatic Flush Plate, Frame & Cistern - Albi — 3/3 variants, 20 images, 3 variant images
[2026-09-26T12:57:24.762Z] ✓ Wall Hung Toilet with Soft Close Seat, White Glass Sensor Flush Plate, Frame & Cistern - Albi — 2/2 variants, 18 images, 2 variant images
[2026-09-26T12:57:28.321Z] ✓ Wall Hung Smart Bidet Japanese Toilet with Heated Seat & 820mm Frame Cistern and Pneumatic Flush Plate - Purificare — 3/3 variants, 25 images, 3 variant images
[2026-09-26T12:57:32.563Z] ✓ Wall Hung Rimless Toilet with Soft Close Seat Frame and Cistern - Grohe Solido Euro — 1/1 variants, 7 images, 1 variant images
[2026-09-26T12:57:39.840Z] ✓ Wall Hung Rimless Short Projection Toilet with Soft Close Seat - Alcor — 1/1 variants, 12 images, 1 variant images
[2026-09-26T12:57:43.545Z] ✓ Wall Hung Toilet with Soft Close Seat Glass Sensor Pneumatic Flush Plate 820mm Frame & Cistern - Alcor — 2/2 variants, 16 images, 2 variant images
[2026-09-26T12:57:44.494Z] ✓ Matt Black Wall Hung Toilet with Soft Close Seat Frame Cistern and Chrome Flush - Verona — 1/1 variants, 12 images, 1 variant images
[2026-09-26T12:57:49.146Z] ✓ Wall Hung Rimless Toilet with Soft Close Seat, Glass Sensor Flush Plate, 820mm Frame & Cistern - Verona — 2/2 variants, 15 images, 2 variant images
[2026-09-26T12:57:52.474Z] ✓ Matt White Wall Hung Rimless Toilet with Soft Close Seat, Chrome Pneumatic Flush Plate, Grohe Frame & Cistern – Verona — 1/1 variants, 11 images, 1 variant images
[2026-09-26T12:57:56.554Z] ✓ Wall Hung Toilet with Soft Close Seat, Mechanical Black Flush Plate, 1168mm Frame & Cistern - Albi — 1/1 variants, 18 images, 1 variant images
[2026-09-26T12:58:07.716Z] ✓ Wall Hung Rimless Toilet with Soft Close Seat, Glass Sensor Flush Plate, 820mm Frame & Cistern - Verona — 2/2 variants, 16 images, 2 variant images
[2026-09-26T12:58:12.399Z] ✓ Wall Hung Rimless Toilet with Soft Close Seat, Glass Sensor Flush Plate, 1168mm Frame & Cistern - Verona — 3/3 variants, 15 images, 3 variant images
[2026-09-26T12:58:17.123Z] ✓ Wall Hung Rimless Toilet with Soft Close Seat, Glass Sensor Flush Plate, Frame & Cistern - Roma — 4/4 variants, 24 images, 4 variant images
[2026-09-26T12:58:18.160Z] ✓ Black Wall Hung Toilet with Black Glass Cabinet, Cistern & Pneumatic Dual Flush Button - Verona — 1/1 variants, 13 images, 1 variant images
[2026-09-26T12:58:18.563Z] ✓ Wall Hung Toilet with Soft Close Seat Glass Sensor Pneumatic Flush Plate 1170mm Frame & Cistern - Alcor — 2/2 variants, 16 images, 2 variant images
[2026-09-26T12:58:23.999Z] ✓ Black Wall Hung Toilet with White Glass Cabinet, Cistern & Pneumatic Dual Flush Button - Verona — 1/1 variants, 13 images, 1 variant images
[2026-09-26T12:58:30.565Z] ✓ Wall Hung Toilet with Soft Close Toilet Seat, Gunmetal Flush Plate, 1168mm Frame & Cistern - Alcor — 1/1 variants, 17 images, 1 variant images
[2026-09-26T12:58:35.787Z] ✓ Wall Hung Rimless Toilet with Soft Close Seat, Matt Black Pneumatic Flush Plate, 1160mm Frame & Cistern – Roma — 1/1 variants, 12 images, 1 variant images
[2026-09-26T12:58:41.327Z] ✓ Wall Hung Toilet with Soft Close Toilet Seat, Pneumatic Flush Plate, Frame & Cistern - Newport — 4/4 variants, 15 images, 4 variant images
[2026-09-26T12:58:42.191Z] ✓ Wall Hung Rimless Toilet with Soft Close Seat, Glass Pneumatic Flush Plate, Frame & Cistern - Austin — 4/4 variants, 14 images, 4 variant images
[2026-09-26T12:58:43.875Z] ✓ Wall Hung Rimless Short Projection Toilet with Soft Close Seat - Grohe Euro — 1/1 variants, 5 images, 1 variant images
[2026-09-26T12:58:52.137Z] ✓ Wall Hung Rimless Toilet with Soft Close Seat, 1130mm Grohe Cistern and Frame - Newport — 1/1 variants, 8 images, 1 variant images
[2026-09-26T12:58:52.137Z] progress 775/1501 (ok 768, warnings 0, failed 7)
[2026-09-26T12:58:56.699Z] ✓ Wall Hung Rimless Toilet with Soft Close Seat, Mechanical Flush Plate, 1160mm Frame & Cistern - Austin — 3/3 variants, 14 images, 3 variant images
[2026-09-26T12:59:03.758Z] ✓ Wall Hung Toilet with Soft Close Seat Pneumatic Flush Plate 1170mm Frame & Cistern - Newport — 3/3 variants, 16 images, 3 variant images
[2026-09-26T12:59:05.054Z] ✓ Wall Hung Rimless Toilet with Soft Close Seat, Glass Sensor Flush Plate, 1168mm Frame & Cistern - Newport — 2/2 variants, 16 images, 2 variant images
[2026-09-26T12:59:10.486Z] ✓ Wall Hung Smart Bidet Japanese Toilet with Heated Seat & Gunmtal Pneumatic Flush Plate, 820mm Frame & Cistern - Purificare — 1/1 variants, 21 images, 1 variant images
[2026-09-26T12:59:13.656Z] ✓ Wall Hung Rimless Toilet with Soft Close Seat, Black Mechanical Flush Plate, 1177mm Wirquin Frame & Cistern – Newport — 1/1 variants, 8 images, 1 variant images
[2026-09-26T12:59:14.757Z] ✓ Wall Hung Toilet with Soft Close Seat Pneumatic Flush Plate 820mm Frame & Cistern - Newport — 3/3 variants, 16 images, 3 variant images
[2026-09-26T12:59:24.140Z] ✓ Wall Hung Smart Bidet Toilet with Heated Seat & Gunmtal Pneumatic Flush Plate, 1168mm Frame & Cistern - Purificare — 1/1 variants, 21 images, 1 variant images
[2026-09-26T12:59:27.194Z] ✓ Wall Hung Toilet with Soft Close Seat Mechanical Flush Plate with 1160mm Frame & Cistern - Newport — 3/3 variants, 16 images, 3 variant images
[2026-09-26T12:59:32.643Z] ✓ Matt Black Wall Hung Smart Bidet Japanese Toilet & Grohe Frame, Cistern and Black Flush Plate - Purificare — 1/1 variants, 9 images, 1 variant images
[2026-09-26T12:59:34.236Z] ✓ Wall Hung Smart Bidet with, Pneumatic Flush Plate, 820mm Frame & Cistern - Purificare — 2/2 variants, 7 images, 2 variant images
[2026-09-26T12:59:37.813Z] ✓ Wall Hung Smart Bidet Japanese Toilet & 1160mm Frame Cistern and Mechanical Flush Plate - Purificare — 3/3 variants, 13 images, 3 variant images
[2026-09-26T12:59:40.626Z] ✓ Wall Hung Smart Bidet Japanese Toilet & Grohe Frame Cistern and Black Flush Plate - Purificare — 1/1 variants, 14 images, 1 variant images
[2026-09-26T12:59:43.244Z] ✓ Matt Black Wall Hung Smart Bidet with Brushed Brass Pneumatic Flush Plate, 820mm Frame & Cistern – Purificare — 1/1 variants, 7 images, 1 variant images
[2026-09-26T12:59:45.679Z] ✓ Newport Wall Hung Smart Bidet Japanese Toilet with Heated Seat - Purificare — 1/1 variants, 11 images, 1 variant images
[2026-09-26T12:59:51.093Z] ✓ White Round Soft Close Toilet Seat with Quick Release - Newport — 1/1 variants, 3 images, 1 variant images
[2026-09-26T12:59:57.142Z] ✓ Wall Hung Toilet with Black Glass Cabinet, Cistern & Pneumatic Dual Flush Button - Albi — 1/1 variants, 12 images, 1 variant images
[2026-09-26T12:59:58.671Z] ✓ White Round Soft Close Toilet Seat with Quick Release - Addison — 1/1 variants, 2 images, 1 variant images
[2026-09-26T13:00:02.236Z] ✓ Wall Hung Toilet with Soft Close Toilet Seat, Brushed Bronze Flush Plate, Frame & Cistern - Albi — 2/2 variants, 18 images, 2 variant images
[2026-09-26T13:00:04.031Z] ✓ Wall Hung Toilet with Soft Close Seat, Gunmetal Flush Plate, Frame & Cistern - Albi — 2/2 variants, 18 images, 2 variant images
[2026-09-26T13:00:05.838Z] ✓ White Round Soft Close Toilet Seat - Alcor — 1/1 variants, 5 images, 1 variant images
[2026-09-26T13:00:07.918Z] ✓ Gloss White Sandwich Seat - Albi — 1/1 variants, 5 images, 1 variant images
[2026-09-26T13:00:12.252Z] ✓ White Round Soft Close Toilet Seat with Quick Release - Legend — 1/1 variants, 6 images, 1 variant images
[2026-09-26T13:00:16.103Z] ✓ White Square Soft Close Toilet Seat with Quick Release - Ashford — 1/1 variants, 4 images, 1 variant images
[2026-09-26T13:00:17.761Z] ✓ White Round Toilet Seat with Soft Close and Quick Release - Roma — 1/1 variants, 4 images, 1 variant images
[2026-09-26T13:00:22.067Z] ✓ White Round Soft Close Toilet Seat with Quick Release - Indiana — 1/1 variants, 3 images, 1 variant images
[2026-09-26T13:00:22.068Z] progress 800/1501 (ok 793, warnings 0, failed 7)
[2026-09-26T13:00:25.378Z] ✓ Austin Wrap Round Toilet Seat — 1/1 variants, 6 images, 1 variant images
[2026-09-26T13:00:28.397Z] ✓ Square Soft Close Toilet Seat with Quick Release - Albi — 2/2 variants, 5 images, 2 variant images
[2026-09-26T13:00:34.438Z] ✓ White Round Soft Close Toilet Seat - Portland — 1/1 variants, 3 images, 1 variant images
[2026-09-26T13:00:36.892Z] ✓ Replacement Filter for Purificare Smart Bidet Toilets — 1/1 variants, 4 images, 1 variant images
[2026-09-26T13:00:39.836Z] ✓ Knurled Toilet Roll Holder - Arissa — 4/4 variants, 8 images, 4 variant images
[2026-09-26T13:00:43.694Z] ✓ Round Wooden Soft Close Toilet Seat with Quick Release and Hinges - Park Royal — 4/4 variants, 6 images, 4 variant images
[2026-09-26T13:00:45.309Z] ✓ White Round Soft Close Toilet Seat with Quick Release - Ripley — 1/1 variants, 4 images, 1 variant images
[2026-09-26T13:00:47.067Z] ✓ Smart Bidet Heated Japanese Toilet Seat with Warm Air Drying and Remote Control - Purificare — 1/1 variants, 12 images, 1 variant images
[2026-09-26T13:00:49.257Z] ✓ White Round Soft Close Toilet Seat with Quick Release - Pendle — 1/1 variants, 5 images, 1 variant images
[2026-09-26T13:00:53.755Z] ✓ White Square Soft Close Toilet Seat with Quick Release - Seren — 1/1 variants, 2 images, 1 variant images
[2026-09-26T13:00:57.096Z] ✓ Matt White Round Soft Close Toilet Seat - Newport — 1/1 variants, 4 images, 1 variant images
[2026-09-26T13:00:58.724Z] ✓ Arissa Brushed Brass Toilet roll holder — 1/1 variants, 3 images, 1 variant images
[2026-09-26T13:01:02.909Z] ✓ White Round Soft Close Toilet Seat with Quick Release - Venice — 1/1 variants, 2 images, 1 variant images
[2026-09-26T13:01:06.479Z] ✓ White Square Soft close Toilet Seat with Quick Release - Palma — 1/1 variants, 3 images, 1 variant images
[2026-09-26T13:01:08.042Z] ✓ White Round Soft Close Toilet Seat With Quick Release - Laurel — 1/1 variants, 3 images, 1 variant images
[2026-09-26T13:01:08.704Z] ✓ Round Soft Close Toilet Seat with Quick Release - Oregon — 2/2 variants, 7 images, 2 variant images
[2026-09-26T13:01:12.668Z] ✓ White Square Soft Close Toilet Seat with Quick Release - Boston — 1/1 variants, 4 images, 1 variant images
[2026-09-26T13:01:16.595Z] ✓ White Round Soft Close Toilet Seat with Quick Release - Tanya — 1/1 variants, 6 images, 1 variant images
[2026-09-26T13:01:18.091Z] ✓ Matt Black Replacement Seat and Remote Control for Japanese Toilet PURMBWH and PURMBBTW - Purificare — 1/1 variants, 4 images, 1 variant images
[2026-09-26T13:01:22.153Z] ✓ Grohe BauCosmopolitan Toilet Paper Holder — 1/1 variants, 4 images, 1 variant images
[2026-09-26T13:01:27.833Z] ✓ Matt Grey Round Soft Close Toilet Seat with Quick Release - Verona — 1/1 variants, 3 images, 1 variant images
[2026-09-26T13:01:30.580Z] ✓ Chrome Toilet Brush & Holder - Arissa — 1/1 variants, 2 images, 1 variant images
[2026-09-26T13:01:31.034Z] ✓ Toilet Roll Holder - Arissa — 2/2 variants, 4 images, 2 variant images
[2026-09-26T13:01:37.446Z] ✓ Grohe BauCosmopolitan Toilet Brush Set — 1/1 variants, 3 images, 1 variant images
[2026-09-26T13:01:40.272Z] ✓ 48mm Cistern Flush Button - Suitable for Albi, Ashford, Boston, Indiana, Newport, Palma, Ripley, Tanya & Venice — 2/2 variants, 4 images, 2 variant images
[2026-09-26T13:01:40.272Z] progress 825/1501 (ok 818, warnings 0, failed 7)
[2026-09-26T13:01:40.747Z] ✓ Matt White Round Soft Close Toilet Seat - Better Bathrooms — 1/1 variants, 9 images, 1 variant images
[2026-09-26T13:01:41.180Z] ✓ Arissa Matt Black Toilet Brush & Holder — 1/1 variants, 2 images, 1 variant images
[2026-09-26T13:01:47.492Z] ✓ Ideal Standard i.life A & S Soft Close Toilet Seat — 1/1 variants, 4 images, 1 variant images
[2026-09-26T13:01:49.956Z] ✓ Saniflo Sanipro Up Macerator Pump — 1/1 variants, 2 images, 1 variant images
[2026-09-26T13:01:50.400Z] ✓ Saniflo Sanislim Macerator Pump- — 1/1 variants, 2 images, 1 variant images
[2026-09-26T13:01:50.792Z] ✓ White Round Soft Close Toilet Seat with Quick Release & White Hinges - Newport — 1/1 variants, 3 images, 1 variant images
[2026-09-26T13:01:56.972Z] ✓ Ideal Standard i.life A Soft Close Toilet Seat — 1/1 variants, 3 images, 1 variant images
[2026-09-26T13:01:59.289Z] ✓ GRADE A1 - Arissa Matt Black Toilet Brush & Holder — 1/1 variants, 2 images, 1 variant images
[2026-09-26T13:01:59.717Z] ✓ Black Round Wrap Over Soft Close Toilet Seat with Quick Release - Newport — 1/1 variants, 4 images, 1 variant images
[2026-09-26T13:02:06.583Z] ✓ Wirquin Dual Flush Concealed Cistern — 1/1 variants, 4 images, 1 variant images
[2026-09-26T13:02:09.603Z] ✓ Grohe Concealed Dual Flush Cistern with Chrome Flush Plate — 1/1 variants, 5 images, 1 variant images
[2026-09-26T13:02:14.329Z] ✓ Glass Cabinet with Cistern & Pneumatic Dual Flush Button for Back to Wall Toilets - Hako — 2/2 variants, 7 images, 2 variant images
[2026-09-26T13:02:14.757Z] ✓ White Glass Cabinet with Cistern, Frame & Pneumatic Dual Flush Button for Wall Hung Toilets - Hako — 1/1 variants, 6 images, 1 variant images
[2026-09-26T13:02:18.293Z] ✓ McAlpine WC-F26R Flexi Pan Connector — 1/1 variants, 2 images, 1 variant images
[2026-09-26T13:02:22.068Z] ✓ ONLY OPENED - Round Soft Close Toilet Seat with Quick Release - Roma — 2/2 variants, 5 images, 2 variant images
[2026-09-26T13:02:23.199Z] ✓ McAlpine WC-CON8 90° WC Pan Connector — 1/1 variants, 2 images, 1 variant images
[2026-09-26T13:02:27.214Z] ✓ Grohe Solido 1.13m 4-in-1 Set Support Low Noise Frame for Wall Hung WC with Chrome Flush Plate — 1/1 variants, 5 images, 1 variant images
[2026-09-26T13:02:30.936Z] ✓ Wirquin Initio 1M Wall Hung Wc Frame 1.08 - 1.18M — 1/1 variants, 2 images, 1 variant images
[2026-09-26T13:02:32.675Z] ✓ 1160mm Wall Hung Toilet Frame with Brushed Bronze Pneumatiic Flush Plate & Concealed Cistern - Elira — 1/1 variants, 7 images, 1 variant images
[2026-09-26T13:02:37.454Z] ✓ Arissa Manual Push Button and Cistern — 2/2 variants, 5 images, 2 variant images
[2026-09-26T13:02:37.883Z] ✓ 1168mm Wall Hung Toilet Frame & Black Mechanical Flush Plate with Concealed Cistern - Zana — 1/1 variants, 6 images, 1 variant images
[2026-09-26T13:02:41.624Z] ✓ Grohe Conceled Cistern 0.82m 3 in 1 Low Noise Support Frame for Wall Hung WC — 1/1 variants, 7 images, 1 variant images
[2026-09-26T13:02:43.478Z] ✓ McAlpine MACFIT MAC-1 Straight WC Pan Connector — 1/1 variants, 1 images, 1 variant images
[2026-09-26T13:02:47.444Z] ✓ Wirquin Initio Compact WC Frame with Black Flush Plate — 1/1 variants, 5 images, 1 variant images
[2026-09-26T13:02:58.273Z] ✓ 1168mm Wall Hung Toilet Frame & Mechanical Dual Flush Plate with Concealed Cistern - Zana — 2/2 variants, 7 images, 2 variant images
[2026-09-26T13:02:58.274Z] progress 850/1501 (ok 843, warnings 0, failed 7)
[2026-09-26T13:03:01.477Z] ✓ Wall Hung Toilet Frame & Pnuematic Dual Flush Plate with Concealed Cistern - Elira — 3/3 variants, 9 images, 3 variant images
[2026-09-26T13:03:03.136Z] ✓ Wall Hung Toilet Frame & Pneumatic Flush Plate with Concealed Cistern - Elira — 2/2 variants, 8 images, 2 variant images
[2026-09-26T13:03:06.715Z] ✓ 820mm Wall Hung Toilet Frame & Glass Sensor Dual Flush Plate with Concealed Cistern - Purificare — 2/2 variants, 8 images, 2 variant images
[2026-09-26T13:03:09.730Z] ✓ 820mm Wall Hung Toilet Frame with Gunmetal Pneumatic Dual Flush Plate & Concelead Cistern - Elira — 1/1 variants, 7 images, 1 variant images
[2026-09-26T13:03:17.699Z] ✓ Wall Hung Toilet Frame & Pneumatic Dual Flush Plate with Concealed Cistern - Elira — 3/3 variants, 9 images, 3 variant images
[2026-09-26T13:03:25.653Z] ✓ White Wall Hung Basin with 1 Tap Hole 570mm - Ripley — 1/1 variants, 4 images, 1 variant images
[2026-09-26T13:03:26.078Z] ✓ Round Countertop Basin 415mm - Arabella — 2/2 variants, 6 images, 2 variant images
[2026-09-26T13:03:26.531Z] ✓ 1168mm Wall Hung Toilet Frame & Glass Sensor Flush Plate with Concealed Cistern - Elira — 2/2 variants, 11 images, 2 variant images
[2026-09-26T13:03:30.031Z] ✓ Cloakroom Wall Hung Basin 450mm - Atlanta — 2/2 variants, 6 images, 2 variant images
[2026-09-26T13:03:35.852Z] ✓ 1180mm Wall Hung Toilet Frame & Satin Dual Flush Plate with Concealed Cistern - Live Your Colour — 1/1 variants, 6 images, 1 variant images
[2026-09-26T13:03:36.263Z] ✓ Grohe Solido 1.13m 3-in-1 Set Support Frame for Wall Hung WC with Black Flush Plate — 1/1 variants, 2 images, 1 variant images
[2026-09-26T13:03:39.583Z] ✓ White Rectangular Countertop Basin 497mm - Bowen — 1/1 variants, 4 images, 1 variant images
[2026-09-26T13:03:45.046Z] ✓ 450mm Traditional Full Pedestal Cloakroom Basin with 2 Tap Holes - Park Royal — 1/1 variants, 6 images, 1 variant images
[2026-09-26T13:03:49.304Z] ✓ Rectangular Countertop Basin 361mm - Vida — 2/2 variants, 6 images, 2 variant images
[2026-09-26T13:03:57.366Z] ✓ Round Countertop Basin 388mm - Alaska — 3/3 variants, 6 images, 3 variant images
[2026-09-26T13:04:00.382Z] ✓ Wall Hung Basin 600mm - Atlanta — 2/2 variants, 6 images, 2 variant images
[2026-09-26T13:04:05.344Z] ✓ White Rectangular Wall Hung Basin with Hidden Waste - Oslo — 3/3 variants, 6 images, 3 variant images
[2026-09-26T13:04:09.872Z] ✓ Round Countertop Basin Fluted 360mm - Oregon — 2/2 variants, 5 images, 2 variant images
[2026-09-26T13:04:17.484Z] ✓ Oval Countertop Basin - Shell — 4/4 variants, 10 images, 4 variant images
[2026-09-26T13:04:20.920Z] ✓ 600mm Full Pedestal Basin with 1 Tap Hole - Atlanta — 2/2 variants, 7 images, 2 variant images
[2026-09-26T13:04:25.992Z] ✓ Cloakroom Wall Hung Basin 405mm - Detroit — 2/2 variants, 7 images, 2 variant images
[2026-09-26T13:04:29.215Z] ✓ Beige Unglazed Round Countertop Basin 410mm - Fawn — 1/1 variants, 5 images, 1 variant images
[2026-09-26T13:04:30.654Z] ✓ 450mm Full Pedestal Cloakroom Basin with 1 Tap Hole - Atlanta — 2/2 variants, 7 images, 2 variant images
[2026-09-26T13:04:35.045Z] ✓ 450mm Semi Pedestal Cloakroom Basin with 1 Tap Hole - Atlanta — 1/1 variants, 6 images, 1 variant images
[2026-09-26T13:04:38.946Z] ✓ Rectangular Countertop Basin - Corey — 4/4 variants, 7 images, 4 variant images
[2026-09-26T13:04:38.946Z] progress 875/1501 (ok 868, warnings 0, failed 7)
[2026-09-26T13:04:40.090Z] ✓ 600mm Semi Pedestal Basin with 1 Tap Hole - Atlanta — 1/1 variants, 6 images, 1 variant images
[2026-09-26T13:04:44.850Z] ✓ White Wall Hung Basin with 2 Tap Holes 583mm - Park Royal — 1/1 variants, 4 images, 1 variant images
[2026-09-26T13:04:50.176Z] ✓ Modern Pedestal Basin 570mm - Ashford — 1/1 variants, 4 images, 1 variant images
[2026-09-26T13:04:52.717Z] ✓ Traditional 1 Tap Hole Basin with Wash Stand 570mm - Ripley — 3/3 variants, 8 images, 3 variant images
[2026-09-26T13:04:53.462Z] ✓ Matt White Oval Stone Resin Countertop Basin with Waste 500mm - Opal — 1/1 variants, 4 images, 1 variant images
[2026-09-26T13:04:59.349Z] ✓ White Oval Fluted Countertop Basin 573mm - Oregon — 1/1 variants, 4 images, 1 variant images
[2026-09-26T13:05:00.819Z] ✓ Square Countertop Basin 350mm - Corey — 2/2 variants, 5 images, 2 variant images
[2026-09-26T13:05:02.137Z] ✓ Matt White Oval Stone Resin Countertop Basin with Waste 560mm - Almas — 1/1 variants, 4 images, 1 variant images
[2026-09-26T13:05:02.590Z] ✓ White Wall Hung Corner Traditional Basin 553mm - Elton — 1/1 variants, 4 images, 1 variant images
[2026-09-26T13:05:10.209Z] ✓ Grohe Bau Wall Hung Basin 550mm — 1/1 variants, 10 images, 1 variant images
[2026-09-26T13:05:11.413Z] ✓ White Round Wall Hung Basin 607mm - Milos — 1/1 variants, 4 images, 1 variant images
[2026-09-26T13:05:18.427Z] ✓ Modern Semi Pedestal Basin 550mm - Addison — 1/1 variants, 4 images, 1 variant images
[2026-09-26T13:05:20.185Z] ✓ Round Chevron Countertop Basin 360mm - Sonoma — 1/1 variants, 4 images, 1 variant images
[2026-09-26T13:05:25.609Z] ✓ Square Wall Hung Basin with Rack 497mm - Bowen — 4/4 variants, 8 images, 4 variant images
[2026-09-26T13:05:26.047Z] ✓ Oval Countertop Basin 525mm - Tennessee — 2/2 variants, 6 images, 2 variant images
[2026-09-26T13:05:26.818Z] ✓ Square Countertop Basin 423mm - Clifton — 1/1 variants, 5 images, 1 variant images
[2026-09-26T13:05:29.060Z] ✓ White Wall Hung Basin with 1 Tap Hole 583mm - Park Royal — 1/1 variants, 4 images, 1 variant images
[2026-09-26T13:05:34.701Z] ✓ Rectangular Countertop Basin 550mm - Clifton — 1/1 variants, 5 images, 1 variant images
[2026-09-26T13:05:37.758Z] ✓ 550mm Full Pedestal Basin with 1 Tap Hole - Addison — 1/1 variants, 4 images, 1 variant images
[2026-09-26T13:05:40.429Z] ✓ Wall Hung Corner Basin 440mm with Brass Tap Bottle Trap and Waste - Theo — 1/1 variants, 11 images, 1 variant images
[2026-09-26T13:05:43.979Z] ✓ 506mm Traditional Full Pedestal Cloakroom Basin with 2 Tap Holes - Ripley — 1/1 variants, 6 images, 1 variant images
[2026-09-26T13:05:46.710Z] ✓ Matt White Round Stone Resin Countertop Basin with Waste 420mm - Jade — 1/1 variants, 4 images, 1 variant images
[2026-09-26T13:05:47.744Z] ✓ 500mm 1 Tap Hole Basin with Wash Stand - Bowen — 2/2 variants, 7 images, 2 variant images
[2026-09-26T13:05:49.682Z] ✓ 583mm Traditional Full Pedestal Basin with 2 Tap Holes - Park Royal — 1/1 variants, 6 images, 1 variant images
[2026-09-26T13:05:55.881Z] ✓ Round Wall Hung Cloakroom Basin with Shelf 550mm - Alcor — 1/1 variants, 4 images, 1 variant images
[2026-09-26T13:05:55.881Z] progress 900/1501 (ok 893, warnings 0, failed 7)
[2026-09-26T13:06:03.552Z] ✓ White Rectangular Countertop Basin 765mm - Logan — 1/1 variants, 4 images, 1 variant images
[2026-09-26T13:06:05.094Z] ✓ Round Countertop Basin 390mm - Lorano — 2/2 variants, 6 images, 2 variant images
[2026-09-26T13:06:09.004Z] ✓ Cloakroom Wall Hung Basin 330mm - Houston — 2/2 variants, 4 images, 2 variant images
[2026-09-26T13:06:10.583Z] ✓ Square Wall Hung Basin 497mm - Bowen — 2/2 variants, 5 images, 2 variant images
[2026-09-26T13:06:12.204Z] ✓ White Rectangular Wall Hung Basin 1020mm - Logan — 1/1 variants, 5 images, 1 variant images
[2026-09-26T13:06:14.291Z] ✓ 570mm Traditional Full Pedestal Basin with 2 Tap Holes - Ripley — 1/1 variants, 7 images, 1 variant images
[2026-09-26T13:06:18.638Z] ✓ 570mm Traditional Full Pedestal Basin with 1 Tap Hole - Ripley — 1/1 variants, 7 images, 1 variant images
[2026-09-26T13:06:20.531Z] ✓ White Wall Hung Basin One Piece 380mm - Diaz — 1/1 variants, 4 images, 1 variant images
[2026-09-26T13:06:27.320Z] ✓ Amber Round Transparent Resin Countertop Basin 400mm - Aurea — 1/1 variants, 5 images, 1 variant images
[2026-09-26T13:06:28.538Z] ✓ Matt White Round Stone Resin Deep Countertop Basin with Waste 400mm - Jasper — 1/1 variants, 4 images, 1 variant images
[2026-09-26T13:06:34.922Z] ✓ Round Countertop Basin 400mm - Zorah — 2/2 variants, 7 images, 2 variant images
[2026-09-26T13:06:35.782Z] ✓ Ideal Standard i.Life B 1 Tap Hole Full Pedestal Basin — 4/4 variants, 7 images, 4 variant images
[2026-09-26T13:06:47.115Z] ✓ 570mm Traditional 2 Tap Holes Basin with Wash Stand - Ripley — 2/2 variants, 7 images, 2 variant images
[2026-09-26T13:06:48.723Z] ✓ Ideal Standard i.Life A 1 Tap Hole Semi Pedestal Basin — 2/2 variants, 6 images, 2 variant images
[2026-09-26T13:06:55.078Z] ✓ Ideal Standard i.Life S Compact 1 Tap Hole Semi Pedestal Basin — 3/3 variants, 7 images, 3 variant images
[2026-09-26T13:06:56.572Z] ✓ 570mm Semi Pedestal Basin with 1 Tap Hole - Ashford — 1/1 variants, 4 images, 1 variant images
[2026-09-26T13:06:58.029Z] ✓ 583mm Traditional Semi Pedestal Basin with 2 Tap Holes - Park Royal — 1/1 variants, 6 images, 1 variant images
[2026-09-26T13:07:00.147Z] ✓ Detroit Wall Hung Basin With Bottle Trap & Basin Mixer & Waste - Zana — 3/3 variants, 13 images, 3 variant images
[2026-09-26T13:07:05.142Z] ✓ 583mm Traditional Full Pedestal Basin with 1 Tap Hole - Park Royal — 1/1 variants, 6 images, 1 variant images
[2026-09-26T13:07:06.246Z] ✓ Square Countertop Basin 395mm - Dover — 1/1 variants, 4 images, 1 variant images
[2026-09-26T13:07:07.893Z] ✓ 570mm Traditional Semi Pedestal Basin with 2 Tap Holes - Ripley — 1/1 variants, 7 images, 1 variant images
[2026-09-26T13:07:14.206Z] ✓ Rectangular Fluted Wall Hung Basin 410mm with Brass Tap Bottle Trap and Waste - Oregon — 1/1 variants, 11 images, 1 variant images
[2026-09-26T13:07:14.807Z] ✓ 615mm Full Pedestal Basin with 1 Tap Hole - Roma — 1/1 variants, 5 images, 1 variant images
[2026-09-26T13:07:16.497Z] ✓ 615mm Semi Pedestal Basin with 1 Tap Hole - Roma — 1/1 variants, 5 images, 1 variant images
[2026-09-26T13:07:22.984Z] ✓ Amber Rectangular Transparent Resin Countertop Basin 600mm - Aurea — 1/1 variants, 5 images, 1 variant images
[2026-09-26T13:07:22.986Z] progress 925/1501 (ok 918, warnings 0, failed 7)
[2026-09-26T13:07:24.119Z] ✓ Matt White Oval Stone Resin Freestanding Pedestal Basin with Waste 660mm - Harley — 1/1 variants, 4 images, 1 variant images
[2026-09-26T13:07:29.240Z] ✓ Ideal Standard i.Life S Compact 1 Tap Hole Full Pedestal Basin — 3/3 variants, 7 images, 3 variant images
[2026-09-26T13:07:31.525Z] ✓ 570mm Traditional Semi Pedestal Basin with 1 Tap Hole - Ripley — 1/1 variants, 7 images, 1 variant images
[2026-09-26T13:07:32.581Z] ✓ Grohe Cube Rectangular Wall Hung Basin 600mm — 1/1 variants, 6 images, 1 variant images
[2026-09-26T13:07:37.950Z] ✓ 583mm Traditional Semi Pedestal Basin with 1 Tap Hole - Park Royal — 1/1 variants, 6 images, 1 variant images
[2026-09-26T13:07:39.137Z] ✓ Ideal Standard i.Life A 1 Tap Hole Full Pedestal Basin — 2/2 variants, 4 images, 2 variant images
[2026-09-26T13:07:40.718Z] ✓ Stone Effect Round Countertop Basin 415mm - Torres — 1/1 variants, 5 images, 1 variant images
[2026-09-26T13:07:42.020Z] ✓ 400mm Matt White Round Stone Resin Freestanding Cylinder Pedestal Basin with Waste - Ruby — 1/1 variants, 5 images, 1 variant images
[2026-09-26T13:07:58.149Z] ✓ 1.5 Bowl Undermount Granite Composite Kitchen Sink with Waste Kit - Enza Eden — 2/2 variants, 6 images, 2 variant images
[2026-09-26T13:07:58.816Z] ✓ Single Bowl Inset Composite Kitchen Sink with Reversible Drainer - Essence Amelia — 4/4 variants, 8 images, 4 variant images
[2026-09-26T13:07:59.607Z] ✓ Single Bowl Undermount Granite Composite Kitchen Sink - Enza Madison — 4/4 variants, 9 images, 4 variant images
[2026-09-26T13:08:00.880Z] ✓ Inset Granite Composite Kitchen Sink - Enza Madison — 2/2 variants, 5 images, 2 variant images
[2026-09-26T13:08:19.703Z] ✓ Single Bowl Inset Kitchen Sink with Reversible Drainer - Enza Tamara — 3/3 variants, 7 images, 3 variant images
[2026-09-26T13:08:20.463Z] ✓ Single Bowl Inset Chrome Stainless Steel Kitchen Sink - Enza Aria — 2/2 variants, 6 images, 2 variant images
[2026-09-26T13:08:22.000Z] ✓ Single Bowl Undermount Kitchen Sink - Enza Tamara — 4/4 variants, 9 images, 4 variant images
[2026-09-26T13:08:22.661Z] ✓ Single Bowl Inset Granite Composite Kitchen Sink with Reversible Drainer - Enza Phoebe — 4/4 variants, 7 images, 4 variant images
[2026-09-26T13:08:31.542Z] ✓ Blanco Supra 400-U Single Bowl Undermount Chrome Stainless Steel Kitchen Sink — 1/1 variants, 1 images, 1 variant images
[2026-09-26T13:08:32.132Z] ✓ Blanco Supra 500-U Single Bowl Undermount Chrome Stainless Steel Kitchen Sink — 1/1 variants, 2 images, 1 variant images
[2026-09-26T13:08:41.129Z] ✓ 1.5 Bowl Inset Granite Composite Kitchen Sink with Reversible Drainer - Enza Laurie — 4/4 variants, 7 images, 4 variant images
[2026-09-26T13:08:42.498Z] ✓ Single Bowl White Ceramic Kitchen Sink - Taylor & Moore Esme — 2/2 variants, 8 images, 2 variant images
[2026-09-26T13:08:51.767Z] ✓ Knurled Towel Ring - Arissa — 4/4 variants, 7 images, 4 variant images
[2026-09-26T13:08:52.209Z] ✓ Arissa Towel Ring — 2/2 variants, 4 images, 2 variant images
[2026-09-26T13:09:00.606Z] ✓ Arissa Brushed Brass Tumbler holder & cup — 1/1 variants, 3 images, 1 variant images
[2026-09-26T13:09:01.206Z] ✓ Single Bowl Inset Granite Composite Kitchen Sink with Reversible Drainer - Enza Laurie — 2/2 variants, 6 images, 2 variant images
[2026-09-26T13:09:02.114Z] ✓ Knurled Towel Hook - Arissa — 2/2 variants, 5 images, 2 variant images
[2026-09-26T13:09:02.116Z] progress 950/1501 (ok 943, warnings 0, failed 7)
[2026-09-26T13:09:10.263Z] ✓ Arissa Matt Black Soap Dish — 1/1 variants, 2 images, 1 variant images
[2026-09-26T13:09:10.706Z] ✓ Grohe BauCosmopolitan Towel Ring — 1/1 variants, 3 images, 1 variant images
[2026-09-26T13:09:11.396Z] ✓ Black 3 Tier Free Standing Towel Rack — 1/1 variants, 2 images, 1 variant images
[2026-09-26T13:09:12.684Z] ✓ Bathroom Organiser Shelf - Arissa — 4/4 variants, 7 images, 4 variant images
[2026-09-26T13:09:20.255Z] ✓ Chrome Towel Ring - Arissa — 1/1 variants, 2 images, 1 variant images
[2026-09-26T13:09:20.934Z] ✓ Grohe BauCosmopolitan Bathroom Towel Rail — 1/1 variants, 3 images, 1 variant images
[2026-09-26T13:09:22.622Z] ✓ Grohe BauCosmopolitan Robe Hook — 1/1 variants, 3 images, 1 variant images
[2026-09-26T13:09:28.644Z] ✓ Chrome Tumbler Holder - Arissa — 1/1 variants, 2 images, 1 variant images
[2026-09-26T13:09:30.012Z] ✓ Chrome Robe Hook - Arissa — 1/1 variants, 2 images, 1 variant images
[2026-09-26T13:09:31.593Z] ✓ Chrome Soap Dish & Holder — 1/1 variants, 2 images, 1 variant images
[2026-09-26T13:09:33.611Z] ✓ Single Towel Bar 380mm - Margo — 2/2 variants, 4 images, 2 variant images
[2026-09-26T13:09:37.871Z] ✓ Slim Glass Soap Dish Holder - Warren — 1/1 variants, 2 images, 1 variant images
[2026-09-26T13:09:39.342Z] ✓ Traditional Glass Soap Dish Holder - Oxbridge — 1/1 variants, 2 images, 1 variant images
[2026-09-26T13:09:40.949Z] ✓ Grohe BauCosmopolitan Multi-Towel Rack — 1/1 variants, 3 images, 1 variant images
[2026-09-26T13:09:42.945Z] ✓ Grohe BauCosmopolitan Wall Mount Glass/Soap Dish Holder — 1/1 variants, 3 images, 1 variant images
[2026-09-26T13:09:47.178Z] ✓ Arissa Matt Black Towel Shelf — 1/1 variants, 3 images, 1 variant images
[2026-09-26T13:09:51.936Z] ✓ Chrome Mono Basin Mixer Tap - Cube — 1/1 variants, 4 images, 1 variant images
[2026-09-26T13:10:00.251Z] ✓ Mono Basin Mixer Tap - Arissa — 6/6 variants, 7 images, 6 variant images
[2026-09-26T13:10:02.005Z] ✓ Cloakroom Basin Mixer Tap - Legend — 2/2 variants, 3 images, 2 variant images
[2026-09-26T13:10:08.064Z] ✓ Mono Basin Mixer Tap - Como — 2/2 variants, 5 images, 2 variant images
[2026-09-26T13:10:12.413Z] ✓ Mono Basin Mixer Tap - Zana — 3/3 variants, 7 images, 3 variant images
[2026-09-26T13:10:20.606Z] ✓ Tall Mono Basin Mixer Tap - Arissa — 6/6 variants, 7 images, 6 variant images
[2026-09-26T13:10:22.185Z] ✓ Cloakroom Mono Basin Mixer Tap - Arissa — 6/6 variants, 7 images, 6 variant images
[2026-09-26T13:10:28.019Z] ✓ Arissa Wall Mounted Basin Mixer Tap - More Colours Available — 3/3 variants, 5 images, 3 variant images
[2026-09-26T13:10:30.757Z] ✓ Round Brass Wall Mounted Basin Mixer Tap - Arissa — 1/1 variants, 3 images, 1 variant images
[2026-09-26T13:10:30.759Z] progress 975/1501 (ok 968, warnings 0, failed 7)
[2026-09-26T13:10:32.556Z] ✓ Mono Basin Mixer Tap - Helston — 2/2 variants, 6 images, 2 variant images
[2026-09-26T13:10:39.603Z] ✓ Brass Crosshead Basin Mixer Tap - Camden — 1/1 variants, 3 images, 1 variant images
[2026-09-26T13:10:40.893Z] ✓ Basin Pillar Taps - Helston — 3/3 variants, 7 images, 3 variant images
[2026-09-26T13:10:48.327Z] ✓ Black Mono Cloakroom Basin Mixer Tap - Zana — 1/1 variants, 3 images, 1 variant images
[2026-09-26T13:10:48.731Z] ✓ Crosshead Mono Basin Mixer Tap - Camden — 2/2 variants, 4 images, 2 variant images
[2026-09-26T13:10:49.605Z] ✓ Brushed Brass Traditional Mono Basin Mixer Tap - Lyla — 1/1 variants, 4 images, 1 variant images
[2026-09-26T13:10:54.518Z] ✓ Cloakroom Mono Basin Mixer Tap - Wave — 3/3 variants, 7 images, 3 variant images
[2026-09-26T13:10:57.945Z] ✓ Chrome Waterfall Mono Basin Mixer Tap - Quadra — 1/1 variants, 6 images, 1 variant images
[2026-09-26T13:10:58.345Z] ✓ Brushed Bronze Tall Basin Mixer Tap - Arissa — 1/1 variants, 2 images, 1 variant images
[2026-09-26T13:11:03.811Z] ✓ Chrome Cloakroom Mono Basin Mixer Tap - Cube — 1/1 variants, 3 images, 1 variant images
[2026-09-26T13:11:06.833Z] ✓ Brushed Brass Mono Basin Mixer - Zana — 1/1 variants, 4 images, 1 variant images
[2026-09-26T13:11:07.224Z] ✓ Brushed Brass Tall Crosshead Basin Mixer Tap - Camden — 1/1 variants, 3 images, 1 variant images
[2026-09-26T13:11:13.125Z] ✓ Brushed Brass Traditional Tall Basin Mixer Tap - Lyla — 1/1 variants, 4 images, 1 variant images
[2026-09-26T13:11:13.542Z] ✓ Mono Basin Mixer Tap - Wave — 3/3 variants, 7 images, 3 variant images
[2026-09-26T13:11:23.087Z] ✓ Black Waterfall Cloakroom Mono Basin Mixer Tap - Quadra — 1/1 variants, 4 images, 1 variant images
[2026-09-26T13:11:29.378Z] ✓ Chrome Cloakroom Mono Waterfall Basin Mixer Tap - Quadra — 1/1 variants, 5 images, 1 variant images
[2026-09-26T13:11:36.499Z] ✓ Fluted Cloakroom Mono Basin Mixer Tap with Waste - Arissa — 3/3 variants, 6 images, 3 variant images
[2026-09-26T13:11:37.017Z] ✓ Grohe BauEdge Cloakroom Mono Basin Mixer Tap with Waste - Chrome — 1/1 variants, 3 images, 1 variant images
[2026-09-26T13:11:42.787Z] ✓ Basin Mixer Tap - Helston — 2/2 variants, 7 images, 2 variant images
[2026-09-26T13:11:44.409Z] ✓ Cloakroom Mono Basin Mixer Tap - Zana — 3/3 variants, 6 images, 3 variant images
[2026-09-26T13:11:45.726Z] ✓ Brushed Brass Cloakroom Basin Mixer - Zana — 1/1 variants, 3 images, 1 variant images
[2026-09-26T13:11:52.008Z] ✓ Brushed Brass Tall Basin Mixer - Zana — 1/1 variants, 4 images, 1 variant images
[2026-09-26T13:11:53.420Z] ✓ Wall Mounted Brass Crosshead Basin Mixer Tap - Camden — 1/1 variants, 4 images, 1 variant images
[2026-09-26T13:11:55.177Z] ✓ Brushed Brass Mono Basin Mixer Tap - Meko — 1/1 variants, 3 images, 1 variant images
[2026-09-26T13:11:59.366Z] ✓ Mono Basin Mixer Tap - Elina — 2/2 variants, 5 images, 2 variant images
[2026-09-26T13:11:59.367Z] progress 1000/1501 (ok 993, warnings 0, failed 7)
[2026-09-26T13:12:00.819Z] ✓ Black Tall Mono Basin Mixer - Elina — 1/1 variants, 4 images, 1 variant images
[2026-09-26T13:12:02.610Z] ✓ Chrome Wall Mounted Basin Mixer Tap - Arissa — 1/1 variants, 2 images, 1 variant images
[2026-09-26T13:12:04.436Z] ✓ Chrome Wall Mounted Basin Mixer Tap - Arissa — 1/1 variants, 4 images, 1 variant images
[2026-09-26T13:12:09.143Z] ✓ Brushed Brass Wall Mounted Basin Mixer Tap - Arissa — 1/1 variants, 2 images, 1 variant images
[2026-09-26T13:12:10.579Z] ✓ Wall Mounted Grey Basin Mixer Tap - Zorah — 1/1 variants, 4 images, 1 variant images
[2026-09-26T13:12:12.235Z] ✓ Wall Mounted Chrome Basin Mixer Tap - Helston — 1/1 variants, 3 images, 1 variant images
[2026-09-26T13:12:19.368Z] ✓ Chrome Cloakroom Mono Basin Mixer Tap - Como — 1/1 variants, 4 images, 1 variant images
[2026-09-26T13:12:21.241Z] ✓ Wall Mounted Chrome Basin Mixer Tap - Cube — 1/1 variants, 5 images, 1 variant images
[2026-09-26T13:12:27.149Z] ✓ Fluted Mono Basin Mixer Tap with Waste - Arissa — 3/3 variants, 6 images, 3 variant images
[2026-09-26T13:12:30.860Z] ✓ Wall Mounted Basin Tap - Zana — 2/2 variants, 5 images, 2 variant images
[2026-09-26T13:12:35.877Z] ✓ Brushed Nickel Mono Basin Mixer Tap with Slotted Basin Waste - Nell — 1/1 variants, 4 images, 1 variant images
[2026-09-26T13:12:39.817Z] ✓ Mira Minimal Basin Pillar Taps Polished Chrome — 1/1 variants, 2 images, 1 variant images
[2026-09-26T13:12:41.168Z] ✓ Tall Mono Basin Mixer Tap - Zana — 3/3 variants, 6 images, 3 variant images
[2026-09-26T13:12:42.808Z] ✓ Crosshead Mono Basin Mixer Tap - Ripley — 3/3 variants, 7 images, 3 variant images
[2026-09-26T13:12:49.994Z] ✓ Black Crosshead Tall Mono Basin Mixer Tap - Camden — 1/1 variants, 3 images, 1 variant images
[2026-09-26T13:12:53.595Z] ✓ Brushed Bronze Fluted Tall Basin Mono Mixer Tap - Arissa — 1/1 variants, 4 images, 1 variant images
[2026-09-26T13:12:59.005Z] ✓ Fluted Tall Mono Basin Mixer Tap - Arissa — 2/2 variants, 5 images, 2 variant images
[2026-09-26T13:13:01.486Z] ✓ Brushed Brass Tall Mono Basin Mixer Tap - Meko — 1/1 variants, 4 images, 1 variant images
[2026-09-26T13:13:02.189Z] ✓ Grohe Start SilkMove EnergySaving Cloakroom Mono Basin Mixer Tap with Waste - Matt Black — 1/1 variants, 15 images, 1 variant images
[2026-09-26T13:13:03.311Z] ✓ Crosshead Basin Pillar Taps - Ripley — 3/3 variants, 6 images, 3 variant images
[2026-09-26T13:13:07.846Z] ✓ Grohe BauEdge Mono Basin Mixer Tap - Chrome — 1/1 variants, 2 images, 1 variant images
[2026-09-26T13:13:11.385Z] ✓ Grohe BauEdge Mono Basin Mixer Tap with Waste - Chrome — 1/1 variants, 4 images, 1 variant images
[2026-09-26T13:13:11.717Z] ✓ Tall Chrome Crosshead Mono Basin Mixer Tap - Camden — 1/1 variants, 3 images, 1 variant images
[2026-09-26T13:13:12.872Z] ✓ Grohe BauEdge Tall Basin Mixer Tap - Chrome — 1/1 variants, 2 images, 1 variant images
[2026-09-26T13:13:20.739Z] ✓ Brushed Nickel Cloakroom Mono Basin Mixer Tap with Slotted Basin Waste - Nell — 1/1 variants, 4 images, 1 variant images
[2026-09-26T13:13:20.740Z] progress 1025/1501 (ok 1018, warnings 0, failed 7)
[2026-09-26T13:13:21.124Z] ✓ Chrome Click Clack Slotted Basin Waste - Better Bathrooms — 1/1 variants, 2 images, 1 variant images
[2026-09-26T13:13:21.806Z] ✓ ONLY OPENED - Wall Mounted Black Basin Mixer Tap - Wave — 1/1 variants, 3 images, 1 variant images
[2026-09-26T13:13:29.736Z] ✓ Fluted Wall Mounted Basin Mixer Tap - Arissa — 2/2 variants, 5 images, 2 variant images
[2026-09-26T13:13:38.047Z] ✓ Gunmetal Unslotted Basin Waste - Arissa — 1/1 variants, 2 images, 1 variant images
[2026-09-26T13:13:40.531Z] ✓ Click Clack Slotted Basin Waste - Arissa — 5/5 variants, 6 images, 5 variant images
[2026-09-26T13:13:41.023Z] ✓ Click Clack Unslotted Basin Waste - Arissa — 5/5 variants, 6 images, 5 variant images
[2026-09-26T13:13:42.090Z] ✓ Click Clack Unslotted Basin Waste - Better Bathrooms — 2/2 variants, 3 images, 2 variant images
[2026-09-26T13:13:47.160Z] ✓ Amber Transparent Click Clack Unslotted Basin Waste - Aurea — 1/1 variants, 2 images, 1 variant images
[2026-09-26T13:13:50.092Z] ✓ McAlpine SM10 Standard Level Bath Trap — 1/1 variants, 1 images, 1 variant images
[2026-09-26T13:13:50.500Z] ✓ Wirquin Nano 6.7 Quick Clac Basin Waste & Trap - Chrome — 1/1 variants, 4 images, 1 variant images
[2026-09-26T13:13:55.793Z] ✓ Chrome Square Bottle Trap - Zana — 1/1 variants, 2 images, 1 variant images
[2026-09-26T13:13:58.759Z] ✓ Chrome Round Exposed Bottle Trap - Arissa — 1/1 variants, 3 images, 1 variant images
[2026-09-26T13:13:59.247Z] ✓ Wirquin Senzo 1.25 Space Saving Bottle Trap — 1/1 variants, 3 images, 1 variant images
[2026-09-26T13:14:05.117Z] ✓ Round Basin Bottle Trap - Arissa — 5/5 variants, 7 images, 5 variant images
[2026-09-26T13:14:05.547Z] ✓ Wirquin Neo Air 1.25 Zero Leak Bottle Trap — 1/1 variants, 4 images, 1 variant images
[2026-09-26T13:14:08.767Z] ✓ Black Square Basin Bottle Trap - Zana — 1/1 variants, 2 images, 1 variant images
[2026-09-26T13:14:09.223Z] ✓ Chrome Bath and Basin Tap Set - Como — 1/1 variants, 8 images, 1 variant images
[2026-09-26T13:14:15.004Z] ✓ Chrome Waterfall Bath and Basin Tap Set - Quadra — 1/1 variants, 5 images, 1 variant images
[2026-09-26T13:14:18.137Z] ✓ Matt Black Waterfall Freestanding Tap & Basin Tap Pack - Wave — 1/1 variants, 7 images, 1 variant images
[2026-09-26T13:14:24.910Z] ✓ Matt Black Waterfall Bath Tap with Basin Tap Pack - Wave — 1/1 variants, 7 images, 1 variant images
[2026-09-26T13:14:28.258Z] ✓ Shower Bath and Basin Tap Set - Arissa — 3/3 variants, 10 images, 3 variant images
[2026-09-26T13:14:31.424Z] ✓ Zana Basin Mixer Tap & Bath Filler Tap Pack — 2/2 variants, 10 images, 2 variant images
[2026-09-26T13:14:32.422Z] ✓ Chrome Freestanding Bath Shower Mixer and Basin Tap Set - Arissa — 1/1 variants, 8 images, 1 variant images
[2026-09-26T13:15:36.324Z] ✓ Round Bottle Trap and Cloakroom Basin Tap Set - Arissa — 2/2 variants, 8 images, 2 variant images
[2026-09-26T13:15:36.631Z] ✓ Zana Matt Black Basin Mixer Tap & Freestanding Bath Tap Pack — 1/1 variants, 11 images, 1 variant images
[2026-09-26T13:15:36.631Z] progress 1050/1501 (ok 1043, warnings 0, failed 7)
[2026-09-26T13:15:37.979Z] ✓ Camden Matt Black Shower and Tap Pack — 1/1 variants, 5 images, 1 variant images
[2026-09-26T13:15:43.706Z] ✓ basin tap and wall mounted bath filler tap pack - Como — 2/2 variants, 7 images, 2 variant images
[2026-09-26T13:15:57.161Z] ✓ Bath Shower Mixer and Basin Tap Set - Helston — 3/3 variants, 8 images, 3 variant images
[2026-09-26T13:15:57.476Z] ✓ Bath Shower Mixer and Wall Mounted Basin Tap Set - Helston — 2/2 variants, 6 images, 2 variant images
[2026-09-26T13:15:58.101Z] ✓ Waterfall Basin Mixer Tap & Bath Filler Tap Pack - Elina — 2/2 variants, 10 images, 2 variant images
[2026-09-26T13:16:03.962Z] ✓ basin tap and bath filler tap pack - Arissa — 2/2 variants, 6 images, 2 variant images
[2026-09-26T13:16:07.542Z] ✓ Brushed Brass Waterfall Tall Basin Mixer Tap & Freestanding Tap Pack - Wave — 1/1 variants, 6 images, 1 variant images
[2026-09-26T13:16:11.918Z] ✓ Brushed Brass Basin Mixer Tap & Bath Filler Tap with Concealed Valve Pack - Lyla — 1/1 variants, 13 images, 1 variant images
[2026-09-26T13:16:15.850Z] ✓ Zana Brushed Brass Cloakroom Basin Mixer Tap & Freestanding Tap Pack — 1/1 variants, 8 images, 1 variant images
[2026-09-26T13:16:17.143Z] ✓ Brushed Brass Tall Basin Mixer Tap & Bath Filler Tap with Concealed Valve Pack - Lyla — 1/1 variants, 13 images, 1 variant images
[2026-09-26T13:16:23.735Z] ✓ Traditional Basin Pillar Taps & Bath Filler Tap Pack - Helston — 2/2 variants, 11 images, 2 variant images
[2026-09-26T13:16:24.527Z] ✓ Chrome Shower Bath and Basin Tap Set - Arissa — 1/1 variants, 14 images, 1 variant images
[2026-09-26T13:16:24.944Z] ✓ Brass Freestanding Bath Shower Mixer and Basin Tap Set - Zana — 1/1 variants, 7 images, 1 variant images
[2026-09-26T13:16:26.520Z] ✓ Cube Bath and Basin Tap Pack — 1/1 variants, 10 images, 1 variant images
[2026-09-26T13:16:34.635Z] ✓ Chrome Freestanding Bath Shower Mixer and Basin Tap Set - Wave — 1/1 variants, 8 images, 1 variant images
[2026-09-26T13:16:35.059Z] ✓ Chrome Tall basin tap and wall mounted bath filler tap pack - Zana — 1/1 variants, 6 images, 1 variant images
[2026-09-26T13:16:35.839Z] ✓ Gunmetal Grey Bath and Basin Tap Set with Basin Waste - Arissa — 1/1 variants, 6 images, 1 variant images
[2026-09-26T13:16:38.075Z] ✓ Chrome Mixer Shower with Freestanding Bath and Basin Tap Set - Arissa — 1/1 variants, 16 images, 1 variant images
[2026-09-26T13:16:45.019Z] ✓ Matt Black Round Basin Overflow Cover - Arissa — 1/1 variants, 2 images, 1 variant images
[2026-09-26T13:16:45.809Z] ✓ Chrome Bath and Basin Tap Set - Wave — 1/1 variants, 9 images, 1 variant images
[2026-09-26T13:16:47.479Z] ✓ Brushed Bronze Shower & Basin Mixer Tap Set - Arissa — 1/1 variants, 10 images, 1 variant images
[2026-09-26T13:16:54.148Z] ✓ Bali Brushed Brass Overflow Cover for Resin Basin - Bali, Ashford L and I — 1/1 variants, 2 images, 1 variant images
[2026-09-26T13:16:56.381Z] ✓ Grohe Skate Cosmopolitan WC Chrome Wall Flush Plate — 1/1 variants, 2 images, 1 variant images
[2026-09-26T13:16:57.335Z] ✓ Bath Waste Cover Upgrade — 5/5 variants, 8 images, 5 variant images
[2026-09-26T13:17:03.158Z] ✓ Brushed Bronze Round Basin Overflow Cover - Ashford — 1/1 variants, 5 images, 1 variant images
[2026-09-26T13:17:03.160Z] progress 1075/1501 (ok 1068, warnings 0, failed 7)
[2026-09-26T13:17:05.927Z] ✓ Black Chrome Waste Cover Upgrade — 1/1 variants, 2 images, 1 variant images
[2026-09-26T13:17:07.762Z] ✓ Overflow Cover Suitable for Ontario Palma & Roma — 2/2 variants, 4 images, 2 variant images
[2026-09-26T13:17:18.767Z] ✓ Single Lever Pull Out Monobloc Kitchen Mixer Tap - Enza Olney — 4/4 variants, 8 images, 4 variant images
[2026-09-26T13:17:23.647Z] ✓ Dual Lever Monobloc Kitchen Mixer Tap - Enza Tamara — 5/5 variants, 7 images, 5 variant images
[2026-09-26T13:17:27.129Z] ✓ Dual Lever Kitchen Mixer Tap - Essence Hector — 3/3 variants, 6 images, 3 variant images
[2026-09-26T13:17:32.041Z] ✓ 3 in 1 Instant Boiling Hot Kitchen Mixer Tap with 2.4L Boiler - Pronto Vesta — 6/6 variants, 11 images, 6 variant images
[2026-09-26T13:17:39.249Z] ✓ Single Lever Pull Out Traditional Monobloc Kitchen Mixer Tap - Enza Evelyn — 3/3 variants, 6 images, 3 variant images
[2026-09-26T13:17:43.926Z] ✓ Single Lever Monobloc Kitchen Mixer Tap - Enza Elwood — 5/5 variants, 7 images, 5 variant images
[2026-09-26T13:17:50.422Z] ✓ 3 in 1 Square Instant Boiling Hot Kitchen Mixer Tap with 3L Boiler and Filter - Pronto Vesta — 6/6 variants, 11 images, 6 variant images
[2026-09-26T13:17:51.967Z] ✓ 3 In 1 Filtered Water Kitchen Mixer Tap - Pronto Elwood — 2/2 variants, 7 images, 2 variant images
[2026-09-26T13:17:51.986Z] ✓ Brushed Brass Single Lever Pull Out Dual Spray Monobloc Kitchen Mixer Tap - Enza Malvern — 1/1 variants, 3 images, 1 variant images
[2026-09-26T13:17:58.765Z] ✓ Single Lever Monobloc Kitchen Mixer Tap - Enza Tamara — 6/6 variants, 7 images, 6 variant images
[2026-09-26T13:18:00.097Z] ✓ Maesta Brushed Brass Traditional Manual Angled Radiator Valves (pair) — 1/1 variants, 8 images, 1 variant images
[2026-09-26T13:18:12.577Z] ✓ Black Corner Towel Radiator - Kahli — 2/2 variants, 6 images, 2 variant images
[2026-09-26T13:18:13.050Z] ✓ Single Lever French Traditional Monobloc Kitchen Mixer Tap - Enza Evelyn — 2/2 variants, 4 images, 2 variant images
[2026-09-26T13:18:20.377Z] ✓ Brass Towel Radiator - Tundra — 2/2 variants, 6 images, 2 variant images
[2026-09-26T13:18:21.125Z] ✓ White Designer Vertical Single Panel Radiator 1200 x 440mm - Laguna — 1/1 variants, 5 images, 1 variant images
[2026-09-26T13:18:23.681Z] ✓ Traditional Column Radiator with Towel Rail - Regent — 9/9 variants, 15 images, 9 variant images
[2026-09-26T13:18:32.898Z] ✓ Maesta Chrome Traditional Manual Angled Radiator Valves (pair) — 1/1 variants, 9 images, 1 variant images
[2026-09-26T13:18:35.725Z] ✓ Vertical Panel Radiator with Towel Bars 1220 x 452mm - Hesperia — 2/2 variants, 7 images, 2 variant images
[2026-09-26T13:19:40.199Z] ✓ Vertical Electric Towel Radiator 1200 x 479mm - Regent — 2/2 variants, 7 images, 2 variant images
[2026-09-26T13:19:41.969Z] ✓ Elego Modern TRV Straight Thermostatic Radiator Valves With Lockshield — 18/18 variants, 25 images, 18 variant images
[2026-09-26T13:19:54.793Z] ✓ Elego Modern TRV H Block Thermostatic Radiator Valves — 21/21 variants, 26 images, 21 variant images
[2026-09-26T13:19:56.055Z] ✓ Elego Modern Manual Angled Radiator Valves Pair — 15/15 variants, 18 images, 15 variant images
[2026-09-26T13:20:03.084Z] ✓ Radiator Finish Sample Pack - 12 Premium Shades — 1/1 variants, 2 images, 1 variant images
[2026-09-26T13:20:03.086Z] progress 1100/1501 (ok 1093, warnings 0, failed 7)
[2026-09-26T13:20:03.631Z] ✓ Round Straight Radiator Valves — 2/2 variants, 3 images, 2 variant images
[2026-09-26T13:20:12.098Z] ✓ Vertical Smart Electric Radiator with Wi-Fi Thermostat - Bathroom Safe — 32/32 variants, 38 images, 32 variant images
[2026-09-26T13:20:25.988Z] ✓ Vertical Traditional Towel Radiator - Regent — 5/5 variants, 9 images, 5 variant images
[2026-09-26T13:20:30.197Z] ✓ Sorrento Vertical Oval Designer Radiator — 37/37 variants, 41 images, 37 variant images
[2026-09-26T13:20:35.554Z] ✓ Sorrento Horizontal Oval Designer Radiator — 30/30 variants, 34 images, 30 variant images
[2026-09-26T13:20:40.973Z] ✓ Reggio Vertical Double Column Traditional Radiator - Cast Iron Style — 23/23 variants, 27 images, 23 variant images
[2026-09-26T13:20:51.353Z] ✓ Traditional Angled Radiator Valves - Regent — 2/2 variants, 5 images, 2 variant images
[2026-09-26T13:20:55.017Z] ✓ Maesta Traditional TRV Straight Thermostatic Radiator Valves With Lockshield — 21/21 variants, 28 images, 21 variant images
[2026-09-26T13:20:56.418Z] ✓ Vertical Traditional Towel Rail Radiator 1200 x 479mm - Regent — 3/3 variants, 8 images, 3 variant images
[2026-09-26T13:21:00.493Z] ✓ Elego Chrome Modern TRV Corner Thermostatic Radiator Valves With Lockshield — 1/1 variants, 8 images, 1 variant images
[2026-09-26T13:21:04.119Z] ✓ Elego White Modern TRV Corner Thermostatic Radiator Valves With Lockshield — 1/1 variants, 4 images, 1 variant images
[2026-09-26T13:21:05.338Z] ✓ Eco Eleganza Horizontal Flat Designer Aluminium Radiator — 9/9 variants, 14 images, 9 variant images
[2026-09-26T13:21:05.722Z] ✓ Elego Chrome Modern TRV Angled Thermostatic Radiator Valves With Lockshield — 1/1 variants, 8 images, 1 variant images
[2026-09-26T13:21:09.849Z] ✓ Elego Matte Black Modern TRV Angled Thermostatic Radiator Valves With Lockshield — 1/1 variants, 4 images, 1 variant images
[2026-09-26T13:21:14.178Z] ✓ Elego Anthracite Gray Modern TRV Corner Thermostatic Radiator Valves With Lockshield — 1/1 variants, 4 images, 1 variant images
[2026-09-26T13:21:15.352Z] ✓ Elego Anthracite Gray Modern TRV Angled Thermostatic Radiator Valves With Lockshield — 1/1 variants, 4 images, 1 variant images
[2026-09-26T13:21:17.590Z] ✓ Elego Black Nickel Modern TRV Straight Thermostatic Radiator Valves With Lockshield — 1/1 variants, 4 images, 1 variant images
[2026-09-26T13:21:19.148Z] ✓ Elego White Modern TRV Angled Thermostatic Radiator Valves With Lockshield — 1/1 variants, 4 images, 1 variant images
[2026-09-26T13:21:23.666Z] ✓ Elego Matte Black Modern TRV Corner Thermostatic Radiator Valves With Lockshield — 1/1 variants, 4 images, 1 variant images
[2026-09-26T13:21:26.676Z] ✓ Brass Knurled Round Angled Radiator Valves — 1/1 variants, 2 images, 1 variant images
[2026-09-26T13:21:44.078Z] ✓ Cross Head Traditional Angled Radiator Valves — 3/3 variants, 4 images, 3 variant images
[2026-09-26T13:21:46.089Z] ✓ Riace Horizontal Flat Designer Radiator — 32/32 variants, 36 images, 32 variant images
[2026-09-26T13:21:50.937Z] ✓ Reggio Horizontal Double Column Traditional Radiator - Cast Iron Style — 33/33 variants, 37 images, 33 variant images
[2026-09-26T13:21:55.715Z] ✓ Reggio Vertical Triple Column Traditional Radiator - Cast Iron Style — 21/21 variants, 25 images, 21 variant images
[2026-09-26T13:22:03.740Z] ✓ Anthracite Thermostatic Straight Radiator Valves — 1/1 variants, 2 images, 1 variant images
[2026-09-26T13:22:03.742Z] progress 1125/1501 (ok 1118, warnings 0, failed 7)
[2026-09-26T13:22:06.583Z] ✓ Traditional Heated Towel Shelf Radiator 350 x 550mm - Regent — 2/2 variants, 8 images, 2 variant images
[2026-09-26T13:22:07.495Z] ✓ Horizontal Column Smart Electric Radiator with Wi-Fi Thermostat - Bathroom Safe — 3/3 variants, 8 images, 3 variant images
[2026-09-26T13:22:11.608Z] ✓ Knurled Round Straight Radiator Valves — 2/2 variants, 3 images, 2 variant images
[2026-09-26T13:22:12.724Z] ✓ White and Brass Traditional Electric Column Radiator with Towel Rail 952 x 659mm - Regent — 1/1 variants, 6 images, 1 variant images
[2026-09-26T13:22:21.242Z] ✓ Anthracite Square Angled Radiator Valves — 1/1 variants, 2 images, 1 variant images
[2026-09-26T13:22:28.533Z] ✓ electriQ Smart Modern LED TRV Thermostatic Radiator Valves Wi-Fi Version — 2/2 variants, 8 images, 2 variant images
[2026-09-26T13:22:28.974Z] ✓ White Electric Towel Radiator 600W with Wi-Fi Thermostat - H650xW450mm - Bathroom Safe — 1/1 variants, 6 images, 1 variant images
[2026-09-26T13:22:31.327Z] ✓ Horizontal Smart Electric Radiator with Wi-Fi Thermostat - Bathroom Safe — 14/14 variants, 19 images, 14 variant images
[2026-09-26T13:22:37.246Z] ✓ Towel Radiator - Sahara — 6/6 variants, 11 images, 6 variant images
[2026-09-26T13:22:37.653Z] ✓ Anthracite Flat Panel Smart Electric Towel Radiator with Wi-Fi Thermostat - 1000W - H1200xW500mm - Bathroom Safe — 1/1 variants, 6 images, 1 variant images
[2026-09-26T13:22:45.899Z] ✓ Gunmetal Grey Square Manual Angled Radiator Valves — 1/1 variants, 2 images, 1 variant images
[2026-09-26T13:22:52.986Z] ✓ Smart Electric Towel Radiator with Wi-Fi Thermostat - Bathroom Safe — 4/4 variants, 9 images, 4 variant images
[2026-09-26T13:22:58.473Z] ✓ Reggio Horizontal Triple Column Traditional Radiator - Cast Iron Style — 24/24 variants, 28 images, 24 variant images
[2026-09-26T13:22:58.874Z] ✓ Radiator Pipe Covers 300mm — 3/3 variants, 5 images, 3 variant images
[2026-09-26T13:23:02.604Z] ✓ Brass Horizontal Towel Radiator 600 x 1000mm - Tundra — 1/1 variants, 5 images, 1 variant images
[2026-09-26T13:23:08.173Z] ✓ Midnight Black Electric Horizontal Column Radiator with Wi-Fi Thermostat - 1200W - H400xW830mm - Bathroom Safe — 1/1 variants, 6 images, 1 variant images
[2026-09-26T13:23:08.530Z] ✓ Reggio Two Column Traditional Radiator Feet — 3/3 variants, 6 images, 3 variant images
[2026-09-26T13:23:08.934Z] ✓ White Electric Vertical Designer Radiator 1200W with Wi-Fi Thermostat - Double Panel H1600xW354mm - IPX4 Bathroom Safe — 1/1 variants, 9 images, 1 variant images
[2026-09-26T13:23:17.205Z] ✓ electriQ 750W Smart Slim Gloss White Glass Panel Heater Wall Mounted or Skirting Fitted Bathroom Safe Energy Efficient — 1/1 variants, 14 images, 1 variant images
[2026-09-26T13:23:24.883Z] ✓ Black Vertical 2 Column Traditional Radiator 1600 x 470mm - Nambi — 1/1 variants, 4 images, 1 variant images
[2026-09-26T13:23:29.014Z] ✓ Horizontal Single Panel Radiator with Heated Towel Bar 600 x 604mm - Mojave — 2/2 variants, 8 images, 2 variant images
[2026-09-26T13:23:29.421Z] ✓ Electric Traditional Column Radiator with Towel Rail 952 x 659mm - Regent — 2/2 variants, 7 images, 2 variant images
[2026-09-26T13:23:29.832Z] ✓ Vertical Column Radiator with Towel Bars 1800 x 460mm - Nevis — 2/2 variants, 8 images, 2 variant images
[2026-09-26T13:23:33.395Z] ✓ Anthracite Horizontal 2 Column Traditional Radiator 600 x 830mm - Nambi — 1/1 variants, 4 images, 1 variant images
[2026-09-26T13:23:38.796Z] ✓ White Vertical Single Panel Corner Traditional Radiator 1800 x 315mm – Aster — 1/1 variants, 6 images, 1 variant images
[2026-09-26T13:23:38.797Z] progress 1150/1501 (ok 1143, warnings 0, failed 7)
[2026-09-26T13:23:39.533Z] ✓ Black Vertical Single Panel Mirrored Radiator 1600 x 452mm - Tanami — 1/1 variants, 6 images, 1 variant images
[2026-09-26T13:23:54.161Z] ✓ Vertical Electric Towel Radiator - Sagaro — 2/2 variants, 8 images, 2 variant images
[2026-09-26T13:23:57.766Z] ✓ Towel Radiator - Nazco — 18/18 variants, 25 images, 18 variant images
[2026-09-26T13:24:00.518Z] ✓ Cleopatra Vertical Smart Electric Radiator with Wi-Fi Thermostat - Bathroom Safe — 5/5 variants, 9 images, 5 variant images
[2026-09-26T13:24:07.803Z] ✓ Riace Vertical Flat Towel Radiator — 26/26 variants, 30 images, 26 variant images
[2026-09-26T13:24:17.155Z] ✓ Elk Brown Vertical Smart Electric Radiator with Wi-Fi Thermostat - Bathroom Safe — 4/4 variants, 8 images, 4 variant images
[2026-09-26T13:24:23.416Z] ✓ Russet Vertical Smart Electric Radiator with Wi-Fi Thermostat - Bathroom Safe — 5/5 variants, 9 images, 5 variant images
[2026-09-26T13:24:25.464Z] ✓ Vertical Smart Smart Electric Radiator with Mirror - 1200W - H1800xW500mm - Bathroom Safe — 4/4 variants, 12 images, 4 variant images
[2026-09-26T13:24:28.925Z] ✓ Evergreen Horizontal Smart Electric Radiator with Wi-Fi Thermostat - Bathroom Safe — 5/5 variants, 9 images, 5 variant images
[2026-09-26T13:24:31.987Z] ✓ electriQ 2000W Anthracite Smart Aluminium Electric Designer Radiator - Sleek Wall Mounted & Energy Efficient Panel Heater — 1/1 variants, 7 images, 1 variant images
[2026-09-26T13:24:38.438Z] ✓ Evergreen Vertical Smart Electric Radiator with Wi-Fi Thermostat - Bathroom Safe — 4/4 variants, 8 images, 4 variant images
[2026-09-26T13:24:45.142Z] ✓ Smoked Stone Vertical Smart Electric Radiator with Wi-Fi Thermostat - Bathroom Safe — 6/6 variants, 10 images, 6 variant images
[2026-09-26T13:24:48.565Z] ✓ Elk Brown Horizontal Smart Electric Radiator with Wi-Fi Thermostat - Bathroom Safe — 4/4 variants, 8 images, 4 variant images
[2026-09-26T13:24:51.626Z] ✓ Russet Horizontal Smart Electric Radiator with Wi-Fi Thermostat - Bathroom Safe — 3/3 variants, 7 images, 3 variant images
[2026-09-26T13:24:58.087Z] ✓ Salt & Pepper Horizontal Smart Electric Radiator with Wi-Fi Thermostat - Bathroom Safe — 3/3 variants, 7 images, 3 variant images
[2026-09-26T13:25:05.028Z] ✓ Salt & Pepper Vertical Smart Electric Radiator with Wi-Fi Thermostat - Bathroom Safe — 5/5 variants, 9 images, 5 variant images
[2026-09-26T13:25:08.614Z] ✓ Cleopatra Horizontal Smart Electric Radiator with Wi-Fi Thermostat - Bathroom Safe — 3/3 variants, 7 images, 3 variant images
[2026-09-26T13:25:12.229Z] ✓ Smoked Stone Horizontal Smart Electric Radiator with Wi-Fi Thermostat - Bathroom Safe — 4/4 variants, 8 images, 4 variant images
[2026-09-26T13:25:19.365Z] ✓ Reggio Horizontal Double Column Radiator - Cast Iron Style — 4/4 variants, 7 images, 4 variant images
[2026-09-26T13:25:27.177Z] ✓ Sorrento Linea Oval Designer Radiator - Horizontal Bars — 3/3 variants, 8 images, 3 variant images
[2026-09-26T13:25:28.418Z] ✓ Brass Vertical Traditional Electric Towel Radiator 700 x 400mm - Regent — 1/1 variants, 6 images, 1 variant images
[2026-09-26T13:25:28.893Z] ✓ Ravello Vertical Square Designer Radiator — 2/2 variants, 6 images, 2 variant images
[2026-09-26T13:25:32.540Z] ✓ Eco Eleganza Vertical Flat Aluminium Middle Connection Radiator — 2/2 variants, 7 images, 2 variant images
[2026-09-26T13:25:48.264Z] ✓ Designer Curved Towel Radiator - Ordos — 4/4 variants, 9 images, 4 variant images
[2026-09-26T13:25:51.574Z] ✓ Towel Radiator - Sonoran — 9/9 variants, 16 images, 9 variant images
[2026-09-26T13:25:51.576Z] progress 1175/1501 (ok 1168, warnings 0, failed 7)
[2026-09-26T13:25:53.317Z] ✓ Curved Towel Radiator - Ember — 12/12 variants, 17 images, 12 variant images
[2026-09-26T13:25:56.912Z] ✓ Riace Vertical Flat Towel Rail Radiator — 10/10 variants, 14 images, 10 variant images
[2026-09-26T13:26:01.205Z] ✓ Sorrento Smoked Stone Horizontal Oval Designer Radiator 600x413mm Single Panel 1103 BTU — 1/1 variants, 5 images, 1 variant images
[2026-09-26T13:26:08.734Z] ✓ Eco Eleganza Anthracite Vertical Flat Designer Aluminium Radiator — 4/4 variants, 9 images, 4 variant images
[2026-09-26T13:26:11.960Z] ✓ Riace Smoked Stone Vertical Flat Designer Radiator — 4/4 variants, 8 images, 4 variant images
[2026-09-26T13:26:20.146Z] ✓ Riace Linea Flat Designer Radiator - Horizontal Bars — 8/8 variants, 11 images, 8 variant images
[2026-09-26T13:26:20.585Z] ✓ Reggio Horizontal Triple Column Radiator 800x1010mm 5736 BTU - Cast Iron Style — 2/2 variants, 5 images, 2 variant images
[2026-09-26T13:26:28.352Z] ✓ Sorrento Salt & Pepper Vertical Oval Designer Radiator — 2/2 variants, 6 images, 2 variant images
[2026-09-26T13:26:28.778Z] ✓ Sorrento Smoked Stone Vertical Oval Designer Radiator 1600x236mm Double Panel 2234 BTU — 1/1 variants, 5 images, 1 variant images
[2026-09-26T13:26:32.074Z] ✓ Riace Salt & Pepper Vertical Flat Designer Radiator — 2/2 variants, 6 images, 2 variant images
[2026-09-26T13:26:40.842Z] ✓ Chrome Towel Radiator with Pipe Kit and Straight Valves - Sahara — 2/2 variants, 7 images, 2 variant images
[2026-09-26T13:26:51.556Z] ✓ Towel Radiator with Pipe Kit and Straight Valves - Nazco — 10/10 variants, 13 images, 10 variant images
[2026-09-26T13:26:52.510Z] ✓ Towel Radiator with Pipe Kit and Straight Valves - Sonoran — 6/6 variants, 13 images, 6 variant images
[2026-09-26T13:26:56.768Z] ✓ Maesta Traditional TRV Angled Thermostatic Radiator Valves With Lockshield — 7/7 variants, 13 images, 7 variant images
[2026-09-26T13:27:00.516Z] ✓ Bronze Round Angled Radiator Valves - Nazco — 1/1 variants, 2 images, 1 variant images
[2026-09-26T13:27:05.293Z] ✓ Elego Modern Manual Angled Radiator Valves (pair) — 8/8 variants, 11 images, 8 variant images
[2026-09-26T13:27:05.723Z] ✓ Elego Chrome Modern TRV Base Corner with Lockshield — 1/1 variants, 2 images, 1 variant images
[2026-09-26T13:27:09.243Z] ✓ Elego Chrome Modern TRV Angled Thermostatic Radiator Valves With Lockshield — 1/1 variants, 8 images, 1 variant images
[2026-09-26T13:27:14.324Z] ✓ Elego Chrome Modern TRV H Block Thermostatic Radiator Valves — 1/1 variants, 8 images, 1 variant images
[2026-09-26T13:27:14.747Z] ✓ electriQ Smart Modern LCD TRV Thermostatic Radiator Valves Tuya Zigbee Version — 3/3 variants, 9 images, 3 variant images
[2026-09-26T13:27:15.159Z] ✓ Beige Square Manual Angled Radiator Valves — 1/1 variants, 2 images, 1 variant images
[2026-09-26T13:27:19.291Z] ✓ Bronze Round Straight Radiator Valves - Nazco — 1/1 variants, 2 images, 1 variant images
[2026-09-26T13:27:27.212Z] ✓ Maesta Chrome Traditional Manual Straight Radiator Valves (pair) — 1/1 variants, 8 images, 1 variant images
[2026-09-26T13:27:34.562Z] ✓ Beige Square Manual Straight Radiator Valves — 1/1 variants, 2 images, 1 variant images
[2026-09-26T13:27:34.950Z] ✓ Cross Head Traditional Straight Radiator Valves — 2/2 variants, 3 images, 2 variant images
[2026-09-26T13:27:34.950Z] progress 1200/1501 (ok 1193, warnings 0, failed 7)
[2026-09-26T13:27:35.406Z] ✓ Elego Modern TRV Straight Thermostatic Radiator Valves With Lockshield — 2/2 variants, 5 images, 2 variant images
[2026-09-26T13:27:41.381Z] ✓ Elego Modern TRV Angled Thermostatic Radiator Valves With Lockshield — 4/4 variants, 11 images, 4 variant images
[2026-09-26T13:27:43.770Z] ✓ Elego Chrome & White Modern Corner Thermostatic Radiator Valve Set with Lockshield — 1/1 variants, 4 images, 1 variant images
[2026-09-26T13:27:44.192Z] ✓ Elego Anthracite Gray Modern Manual H Block Angled Radiator Valves (pair) — 1/1 variants, 4 images, 1 variant images
[2026-09-26T13:27:44.610Z] ✓ Elego Chrome Modern Manual H Block Angled Radiator Valves With Lockshield — 1/1 variants, 8 images, 1 variant images
[2026-09-26T13:27:52.327Z] ✓ Gunmetal Grey Square Manual Straight Radiator Valves — 1/1 variants, 2 images, 1 variant images
[2026-09-26T13:27:52.795Z] ✓ Elego Chrome Modern TRV Base Straight with Lockshield — 1/1 variants, 2 images, 1 variant images
[2026-09-26T13:27:53.230Z] ✓ Anthracite Square Straight Radiator Valves — 1/1 variants, 2 images, 1 variant images
[2026-09-26T13:28:01.714Z] ✓ Maesta Traditional Manual Angled Radiator Valves With Lockshield — 3/3 variants, 8 images, 3 variant images
[2026-09-26T13:28:02.152Z] ✓ Elego Chrome Modern Manual H Block Radiator Valves — 1/1 variants, 8 images, 1 variant images
[2026-09-26T13:28:10.878Z] ✓ Tuya Zigbee Hub with 1.5M USB-C Cable — 1/1 variants, 3 images, 1 variant images
[2026-09-26T13:28:12.362Z] ✓ Elego Modern Manual Angled Radiator Valves (pair) — 4/4 variants, 7 images, 4 variant images
[2026-09-26T13:28:13.581Z] ✓ Elego White Modern TRV Straight Thermostatic Radiator Valves With Lockshield — 2/2 variants, 5 images, 2 variant images
[2026-09-26T13:28:21.907Z] ✓ Designer Wall-Mounted Towel Holder for Steel & Electric Radiators — 3/3 variants, 8 images, 3 variant images
[2026-09-26T13:28:22.330Z] ✓ electriQ Smart WiFi RF Wireless Thermostat with Receiver for Boilers - Alexa & Google Home — 1/1 variants, 5 images, 1 variant images
[2026-09-26T13:28:31.561Z] ✓ Reggio Three Column Traditional Radiator Feet — 2/2 variants, 5 images, 2 variant images
[2026-09-26T13:28:33.061Z] ✓ Designer Towel Holder for Steel & Electric Radiators — 5/5 variants, 10 images, 5 variant images
[2026-09-26T13:28:41.768Z] ✓ electriQ Smart Wi-Fi Thermostatic Heating Element for Electric & Dual-Fuel Radiators and Towel Rails - Plug-In or Hardwired — 3/3 variants, 7 images, 3 variant images
[2026-09-26T13:28:42.284Z] ✓ Sorrento Designer Radiator Feet - Suitable for Single and Double Panel Radiator — 2/2 variants, 6 images, 2 variant images
[2026-09-26T13:28:50.515Z] ✓ Beige Horizontal Wave Designer Single Panel Radiator 600 x 970 - Elbrus — 1/1 variants, 5 images, 1 variant images
[2026-09-26T13:28:51.517Z] ✓ Riace Designer Radiator Feet - Suitable for Flat Double Panel Radiator — 3/3 variants, 6 images, 3 variant images
[2026-09-26T13:28:53.289Z] ✓ electriQ Thermostatic Wi-Fi Heating Element for Electric Radiators Dual-fuel or Towel rail - Plug-In and Hardwired Options — 2/2 variants, 5 images, 2 variant images
[2026-09-26T13:29:01.373Z] ✓ Sorrento Anthracite Designer Radiator Feet -Suitable for Oval Double Panel Radiator — 1/1 variants, 4 images, 1 variant images
[2026-09-26T13:29:03.431Z] ✓ Vertical Double Panel Radiator 1200 x 500mm - Nevada — 2/2 variants, 6 images, 2 variant images
[2026-09-26T13:29:10.501Z] ✓ Close Coupled Toilet and Basin Suite - Addison — 1/1 variants, 8 images, 1 variant images
[2026-09-26T13:29:10.502Z] progress 1225/1501 (ok 1218, warnings 0, failed 7)
[2026-09-26T13:29:11.772Z] ✓ Elego Dual Fuel T Piece — 3/3 variants, 4 images, 3 variant images
[2026-09-26T13:29:19.776Z] ✓ Close Coupled Closed Back Toilet with Sink on Top & Fittings Cloakroom Suite - Legend — 6/6 variants, 18 images, 6 variant images
[2026-09-26T13:29:24.583Z] ✓ Single Ended Bath Suite with Toilet Basin and Panels - Alton — 2/2 variants, 10 images, 2 variant images
[2026-09-26T13:29:32.791Z] ✓ 1600mm Straight Bath Suite with Toilet, Basin & Panels - Alton — 1/1 variants, 9 images, 1 variant images
[2026-09-26T13:29:34.423Z] ✓ Offset Quadrant Shower Enclosure Suite with Toilet & Basin - Carina — 6/6 variants, 18 images, 6 variant images
[2026-09-26T13:29:36.234Z] ✓ Freestanding Shower Bath Suite with Toilet and Basin - Kona — 6/6 variants, 16 images, 6 variant images
[2026-09-26T13:29:40.849Z] ✓ Close Coupled Toilet and Basin Vanity Unit Cloakroom Suite - Baxenden — 2/2 variants, 10 images, 2 variant images
[2026-09-26T13:29:44.297Z] ✓ Modern 1300mm Freestanding Bath Suite with Toilet & Basin - Pico — 1/1 variants, 9 images, 1 variant images
[2026-09-26T13:29:49.467Z] ✓ Close Coupled Toilet and White Gloss Basin Vanity Unit Cloakroom Suite - Ashford — 1/1 variants, 15 images, 1 variant images
[2026-09-26T13:29:49.892Z] ✓ Close Coupled Toilet and Basin Bathroom Suite - Newport — 1/1 variants, 10 images, 1 variant images
[2026-09-26T13:29:59.312Z] ✓ Modern Freestanding Bath Suite with Toilet & Basin - Lisbon — 4/4 variants, 13 images, 4 variant images
[2026-09-26T13:30:02.414Z] ✓ Comfort Height Close Coupled Toilet and Basin with Tap & Waste Cloakroom Suite - Indiana — 1/1 variants, 12 images, 1 variant images
[2026-09-26T13:30:09.971Z] ✓ Shower Bath Suite with Toilet Basin & Panels - Lomax — 8/8 variants, 19 images, 8 variant images
[2026-09-26T13:30:11.281Z] ✓ Alcor White Gloss Wall Hung Toilet and Basin Suite — 1/1 variants, 8 images, 1 variant images
[2026-09-26T13:30:15.463Z] ✓ Shower Bath Suite with Toilet Basin & Panels - Alton — 2/2 variants, 13 images, 2 variant images
[2026-09-26T13:30:24.763Z] ✓ Quadrant Chrome Shower Enclosure Suite with Toilet & Basin - Carina — 2/2 variants, 14 images, 2 variant images
[2026-09-26T13:30:34.365Z] ✓ Black Quadrant Shower Enclosure Bathroom Suite with Toilet & Sink Unit - Pavo — 4/4 variants, 14 images, 4 variant images
[2026-09-26T13:30:35.401Z] ✓ Walk in Shower Enclosure Suite with Toilet and Basin - Corvus — 9/9 variants, 18 images, 9 variant images
[2026-09-26T13:30:39.810Z] ✓ Freestanding Shower Bath Suite with Toilet and Basin - Amaro — 5/5 variants, 17 images, 5 variant images
[2026-09-26T13:30:48.553Z] ✓ Traditional Freestanding Bath Suite with Toilet & Basin - Park Royal — 3/3 variants, 11 images, 3 variant images
[2026-09-26T13:30:57.588Z] ✓ Traditional Shower Bath Suite with Toilet & Basin - Park Royal — 3/3 variants, 12 images, 3 variant images
[2026-09-26T13:30:58.427Z] ✓ Chrome Rectangular Sliding Door Shower Enclosure Suite with Toilet and Basin - Carina — 2/2 variants, 11 images, 2 variant images
[2026-09-26T13:31:02.711Z] ✓ Rectangular Sliding Door Shower Enclosure with Side Panel Suite with Toilet and Basin - Pavo — 4/4 variants, 14 images, 4 variant images
[2026-09-26T13:31:10.476Z] ✓ Close Coupled Toilet and Basin Suite - Albi — 1/1 variants, 9 images, 1 variant images
[2026-09-26T13:31:11.437Z] ✓ Rectangular Sliding Door Shower Enclosure Suite with Toilet and Basin - Pavo — 4/4 variants, 13 images, 4 variant images
[2026-09-26T13:31:11.437Z] progress 1250/1501 (ok 1243, warnings 0, failed 7)
[2026-09-26T13:31:20.986Z] ✓ Traditional Freestanding Bath Suite with Toilet & Wash Stand with Basin - Helmsley — 3/3 variants, 11 images, 3 variant images
[2026-09-26T13:31:21.770Z] ✓ Chrome Rectangular Sliding Door Shower Enclosure with Side Panel Suite with Toilet and Basin - Carina — 2/2 variants, 11 images, 2 variant images
[2026-09-26T13:31:23.365Z] ✓ Single Ended 1700mm Shower Bath with Toilet Basin Panels and Bath Screen - Alton — 1/1 variants, 12 images, 1 variant images
[2026-09-26T13:31:31.921Z] ✓ 1300 x 800mm Walk in Shower Enclosure Suite with Ashford Toilet and Basin — 3/3 variants, 10 images, 3 variant images
[2026-09-26T13:31:35.357Z] ✓ 1700mm Straight Shower Bath Suite with Front Panel & White Toilet and Sink Unit - Alton — 1/1 variants, 13 images, 1 variant images
[2026-09-26T13:31:40.846Z] ✓ Rectangular Heated Bathroom Mirror with Lights 500 x 700mm - Capella — 1/1 variants, 5 images, 1 variant images
[2026-09-26T13:31:44.252Z] ✓ Round Backlit Heated Bathroom Mirror with Lights - Luna — 3/3 variants, 9 images, 3 variant images
[2026-09-26T13:31:45.855Z] ✓ Arched Backlit Heated Bathroom Mirror with Lights 500 x 800mm - Empire — 5/5 variants, 9 images, 5 variant images
[2026-09-26T13:31:49.542Z] ✓ Round Backlit Bathroom Mirror with Battery Operated Lights 600mm - Luna — 1/1 variants, 6 images, 1 variant images
[2026-09-26T13:31:53.199Z] ✓ Oval Black Backlit Bathroom Mirror with Battery Operated Lights 500 x 800mm - Venus — 1/1 variants, 9 images, 1 variant images
[2026-09-26T13:31:55.075Z] ✓ Close Coupled Toilet and Basin Suite - Roma — 1/1 variants, 9 images, 1 variant images
[2026-09-26T13:32:00.990Z] ✓ Rectangular Heated Bathroom Mirror with Lights Shaver Socket & Bluetooth Speaker - Divine — 5/5 variants, 12 images, 5 variant images
[2026-09-26T13:32:01.811Z] ✓ Rectangular Black Bathroom Mirror with Shelf - 500 x 700mm - Iona — 1/1 variants, 6 images, 1 variant images
[2026-09-26T13:32:10.331Z] ✓ Round Heated Bathroom Mirror with Lights - Antares — 4/4 variants, 10 images, 4 variant images
[2026-09-26T13:32:15.390Z] ✓ Round Backlit Bathroom Mirror with Battery Operated Lights - Elio — 2/2 variants, 7 images, 2 variant images
[2026-09-26T13:32:21.030Z] ✓ Rectangular Heated Bathroom Mirror with Lights - Ariel — 3/3 variants, 8 images, 3 variant images
[2026-09-26T13:32:21.959Z] ✓ Round Backlit Heated Bathroom Mirror with Lights - Orion — 4/4 variants, 8 images, 4 variant images
[2026-09-26T13:32:29.906Z] ✓ Rectangular Backlit Heated Bathroom Mirror with Lights & Bluetooth Speaker - Vela — 2/2 variants, 7 images, 2 variant images
[2026-09-26T13:32:35.232Z] ✓ Traditional Backlit Heated Bathroom Mirror with Lights 500 x 750mm - Zeus — 2/2 variants, 8 images, 2 variant images
[2026-09-26T13:32:39.138Z] ✓ Arched Backlit Heated Tall Bathroom Mirror with Lights 500 x 1800mm - Elod — 1/1 variants, 8 images, 1 variant images
[2026-09-26T13:32:40.868Z] ✓ Half Circle Backlit Heated Bathroom Mirror with Lights - Ara — 2/2 variants, 6 images, 2 variant images
[2026-09-26T13:32:42.543Z] ✓ Oval Backlit Heated Bathroom Mirror with Lights - Irena — 2/2 variants, 7 images, 2 variant images
[2026-09-26T13:32:54.901Z] ✓ Oval Backlit Heated Bathroom Mirror with Lights - Venus — 3/3 variants, 8 images, 3 variant images
[2026-09-26T13:33:00.214Z] ✓ Pebble Backlit Heated Bathroom Mirror with Lights - Apollo — 2/2 variants, 9 images, 2 variant images
[2026-09-26T13:33:01.381Z] ✓ Square Front and Backlit Heated Bathroom Mirror with Lights - Saturn — 2/2 variants, 7 images, 2 variant images
[2026-09-26T13:33:01.383Z] progress 1275/1501 (ok 1268, warnings 0, failed 7)
[2026-09-26T13:33:01.810Z] ✓ Rectangular Backlit Heated Bathroom Mirror with Lights - Taurus — 6/6 variants, 12 images, 6 variant images
[2026-09-26T13:33:03.064Z] ✓ Rectangular Heated Bathroom Mirror with Lights 1200 x 600m -Ariel — 1/1 variants, 5 images, 1 variant images
[2026-09-26T13:33:12.709Z] ✓ Rectangular Heated Bathroom Mirror with Lights & Shaver Socket 500 x 700mm -Pegasus — 1/1 variants, 4 images, 1 variant images
[2026-09-26T13:33:21.627Z] ✓ Rectangular Bathroom Mirror 750 x 700mm - Camden — 2/2 variants, 5 images, 2 variant images
[2026-09-26T13:33:22.521Z] ✓ Round Magnifying Makeup Bathroom Mirror with Lights 200mm - Gemini — 2/2 variants, 7 images, 2 variant images
[2026-09-26T13:33:22.943Z] ✓ Rectangular Backlit Heated Bathroom Mirror with Lights - Vela — 2/2 variants, 8 images, 2 variant images
[2026-09-26T13:33:31.211Z] ✓ Half Circle Corner Backlit Heated Bathroom Mirror with Lights 800mm – Virgo — 1/1 variants, 5 images, 1 variant images
[2026-09-26T13:33:32.293Z] ✓ Round Tiltable Bathroom Mirror with Lights 600mm - Arissa — 1/1 variants, 7 images, 1 variant images
[2026-09-26T13:33:33.511Z] ✓ Pebble Backlit Heated Bathroom Mirror with Lights 760 x 800mm - Aster — 2/2 variants, 9 images, 2 variant images
[2026-09-26T13:33:41.407Z] ✓ Rectangular Heated Bathroom Mirror with Lights 500 x 700mm - Leo — 1/1 variants, 6 images, 1 variant images
[2026-09-26T13:33:44.998Z] ✓ Sensio Lumino Evo+ Rectangular Bathroom Mirror with Battery Operated Lights — 2/2 variants, 8 images, 2 variant images
[2026-09-26T13:33:50.031Z] ✓ Sensio Rockford Rectangular Bathroom Mirror Dual Tier 600 x 400mm — 1/1 variants, 4 images, 1 variant images
[2026-09-26T13:33:52.602Z] ✓ Sensio Libra Rectangular Heated Bathroom Mirror with Lights Ultra Slim — 2/2 variants, 6 images, 2 variant images
[2026-09-26T13:33:53.281Z] ✓ Round Black & Brass Heated Bathroom Mirror with Lights 800mm - Arlo — 1/1 variants, 6 images, 1 variant images
[2026-09-26T13:33:55.213Z] ✓ Rectangular Angled Bathroom Mirror 500 x 800mm - Arissa — 4/4 variants, 9 images, 4 variant images
[2026-09-26T13:33:59.782Z] ✓ Rectangular Tiltable Bathroom Mirror with Lights 600 x 800mm - Arissa — 1/1 variants, 7 images, 1 variant images
[2026-09-26T13:34:03.118Z] ✓ Rectangular Concrete Effect Bathroom Mirror 700 x 450mm - Arragon — 1/1 variants, 5 images, 1 variant images
[2026-09-26T13:34:03.958Z] ✓ Round Black Heated Bathroom Mirror with Lights 800mm - Nyx — 1/1 variants, 6 images, 1 variant images
[2026-09-26T13:34:06.221Z] ✓ Sensio Aspect Curve Round Black Heated Bathroom Mirror with Lights - 600mm — 1/1 variants, 6 images, 1 variant images
[2026-09-26T13:34:12.502Z] ✓ Rectangular Bathroom Mirror 400 x 600mm - Helios — 1/1 variants, 3 images, 1 variant images
[2026-09-26T13:34:13.316Z] ✓ Sensio Aspect Rectangular Black Heated Bathroom Mirror with Lights 700 x 500mm — 1/1 variants, 6 images, 1 variant images
[2026-09-26T13:34:14.857Z] ✓ Sensio Mistral Teardrop Backlit Heated Bathroom Mirror with Lights 550 x 800mm — 1/1 variants, 9 images, 1 variant images
[2026-09-26T13:34:22.539Z] ✓ Sensio Nebula Oval Bronze Heated Bathroom Mirror with Lights 500 x 800mm — 1/1 variants, 5 images, 1 variant images
[2026-09-26T13:34:23.360Z] ✓ Pebble Frameless Bathroom Mirror - Apollo — 2/2 variants, 5 images, 2 variant images
[2026-09-26T13:34:25.101Z] ✓ Rectangular Backlit Bathroom Mirror with Battery Operated Lights 500 x 700mm - Elio — 1/1 variants, 6 images, 1 variant images
[2026-09-26T13:34:25.104Z] progress 1300/1501 (ok 1293, warnings 0, failed 7)
[2026-09-26T13:34:31.748Z] ✓ Chrome Pivot Shower Bath Screen 1450 x 775mm - Taurus — 1/1 variants, 2 images, 1 variant images
[2026-09-26T13:34:34.176Z] ✓ Replacement Seat and Remote Control for Japanese Toilet PURWHTE451 only - Purificare — 1/1 variants, 5 images, 1 variant images
[2026-09-26T13:34:36.466Z] ✓ Rectangular Heated Bathroom Mirror with Lights & Magnifier - Odin — 2/2 variants, 7 images, 2 variant images
[2026-09-26T13:34:41.061Z] ✓ Replacement Seat and Remote Control for Japanese Toilet BeBa_24911 and BeBa_24912 - Purificare — 1/1 variants, 2 images, 1 variant images
[2026-09-26T13:34:43.936Z] ✓ Sensio Como Round Backlit Heated Bathroom Mirror with Lights 600mm — 1/1 variants, 3 images, 1 variant images
[2026-09-26T13:34:45.871Z] ✓ Set of 4 Ball & Claw Feet for Roll Top Baths - Park Royal — 5/5 variants, 8 images, 5 variant images
[2026-09-26T13:34:50.207Z] ✓ Brushed Brass Round Handle - Baxenden — 1/1 variants, 2 images, 1 variant images
[2026-09-26T13:34:53.430Z] ✓ Arissa Brushed Brass 4 Piece Bathroom Accessory Set — 1/1 variants, 1 images, 1 variant images
[2026-09-26T13:35:01.620Z] ✓ Chrome 5 Piece Bathroom Accessory Set - Arissa — 1/1 variants, 6 images, 1 variant images
[2026-09-26T13:35:04.237Z] ✓ Bathroom Grab Rail - Arissa — 25/25 variants, 28 images, 25 variant images
[2026-09-26T13:35:07.775Z] ✓ 3 Piece Knurled Bathroom Accessory Set - Arissa — 3/3 variants, 9 images, 3 variant images
[2026-09-26T13:35:10.923Z] ✓ Chrome 4 Piece Bathroom Accessory Set - Arissa — 1/1 variants, 5 images, 1 variant images
[2026-09-26T13:35:11.812Z] ✓ Folding Bathroom Grab Rail 600 x 160mm - Arissa — 5/5 variants, 8 images, 5 variant images
[2026-09-26T13:35:13.858Z] ✓ Chrome 4 Piece Bathroom Accessory Set - Arissa — 1/1 variants, 5 images, 1 variant images
[2026-09-26T13:35:20.267Z] ✓ Grohe BauCosmopolitan 4 Piece Chrome Bathroom Accessory Set — 1/1 variants, 5 images, 1 variant images
[2026-09-26T13:35:21.054Z] ✓ Grohe BauCosmopolitan 4 Piece Bathroom Accessory Set — 1/1 variants, 5 images, 1 variant images
[2026-09-26T13:35:22.677Z] ✓ 3 Piece Gunmetal Knurled Accessory Set - Arissa — 1/1 variants, 7 images, 1 variant images
[2026-09-26T13:35:29.641Z] ✓ Grohe BauCosmopolitan 3 Piece Chrome Bathroom Accessory Set — 1/1 variants, 4 images, 1 variant images
[2026-09-26T13:35:30.457Z] ✓ 3 Piece Bathroom Accessory Set - Arissa — 2/2 variants, 6 images, 2 variant images
[2026-09-26T13:35:30.849Z] ✓ Chrome 3 Piece Accessory Set - Arissa — 1/1 variants, 4 images, 1 variant images
[2026-09-26T13:35:32.118Z] ✓ Matt Black Corner Shower Caddy - Arissa — 1/1 variants, 2 images, 1 variant images
[2026-09-26T13:35:40.040Z] ✓ Matt Black 2 Tier Corner Shower Caddy - Arissa — 1/1 variants, 3 images, 1 variant images
[2026-09-26T13:35:40.895Z] ✓ 3 Piece Bathroom Accessory Set- Warren — 1/1 variants, 7 images, 1 variant images
[2026-09-26T13:35:41.306Z] ✓ Tileable Shower Niche with Shelf - 608 x 406mm - Arissa — 1/1 variants, 4 images, 1 variant images
[2026-09-26T13:35:48.501Z] ✓ Brushed Brass Shower Niche with Shelves 305 x 1210mm — 1/1 variants, 3 images, 1 variant images
[2026-09-26T13:35:48.502Z] progress 1325/1501 (ok 1318, warnings 0, failed 7)
[2026-09-26T13:35:49.560Z] ✓ Arched Tileable Shower Niche 508 x 406mm - Arissa — 1/1 variants, 4 images, 1 variant images
[2026-09-26T13:35:49.967Z] ✓ Dark Grey Stone Effect Floor Tile 450 x 450mm - Carlisle — 1/1 variants, 3 images, 1 variant images
[2026-09-26T13:35:56.151Z] ✓ Tileable Shower Niche - Arissa — 3/3 variants, 6 images, 3 variant images
[2026-09-26T13:35:57.369Z] ✓ Light Grey Stone Effect Wall Tile 300 x 600mm - Carlisle — 1/1 variants, 3 images, 1 variant images
[2026-09-26T13:35:58.601Z] ✓ Tileable Shower Niche with Shelves 1270 x 406mm - Arissa — 1/1 variants, 4 images, 1 variant images
[2026-09-26T13:36:05.367Z] ✓ Dark Grey Stone Effect Wall Tile 300 x 600mm - Kaya — 1/1 variants, 3 images, 1 variant images
[2026-09-26T13:36:11.473Z] ✓ Patterned Floor Tile 330 x 330mm - Mayfair — 2/2 variants, 4 images, 2 variant images
[2026-09-26T13:36:12.747Z] ✓ White Marmore Marble Effect Floor Tile 600 x 600mm - Brillo — 1/1 variants, 3 images, 1 variant images
[2026-09-26T13:36:18.858Z] ✓ Split Face Wall Tile 80 x 442.5mm - Bata — 2/2 variants, 3 images, 2 variant images
[2026-09-26T13:36:19.709Z] ✓ White Bumpy Gloss Wall Tile — 2/2 variants, 3 images, 2 variant images
[2026-09-26T13:36:20.140Z] ✓ Black Modern Patterned Floor Tile 330 x 330mm - Mayfair — 1/1 variants, 3 images, 1 variant images
[2026-09-26T13:36:21.764Z] ✓ Grey Patterned Floor Tile 330 x 330mm - Regent — 1/1 variants, 4 images, 1 variant images
[2026-09-26T13:36:28.749Z] ✓ Light Grey Stone Effect Wall Tile 300 x 600mm - Kaya — 1/1 variants, 3 images, 1 variant images
[2026-09-26T13:36:29.564Z] ✓ White Shaded Effect Wall Tile 300 x 600mm - Luan — 1/1 variants, 3 images, 1 variant images
[2026-09-26T13:36:30.995Z] ✓ Wood - Maderia Light Brown Wood Effect Floor Tile 200 x 1200mm - Maderia — 1/1 variants, 3 images, 1 variant images
[2026-09-26T13:36:37.206Z] ✓ 80mm x 442.5mm Bata Storm Grey Wall Tile — 1/1 variants, 2 images, 1 variant images
[2026-09-26T13:36:38.462Z] ✓ Dark Glazed Wood Effect Floor Tile 150 x 600mm - Aspen — 1/1 variants, 3 images, 1 variant images
[2026-09-26T13:36:39.711Z] ✓ White 3D Effect Wall Tile 285 x 330mm - Suma — 1/1 variants, 5 images, 1 variant images
[2026-09-26T13:36:41.861Z] ✓ 450mm x 450mm Kaya Floor Tile — 2/2 variants, 4 images, 2 variant images
[2026-09-26T13:36:46.780Z] ✓ Grey Split Face Décor Wall Tile 250 x 400mm - Zento — 1/1 variants, 3 images, 1 variant images
[2026-09-26T13:36:48.286Z] ✓ Muti Split Face Wall Tile 80 x 442.5mm - Bata — 1/1 variants, 2 images, 1 variant images
[2026-09-26T13:36:49.805Z] ✓ Grey Scafell Slate Wall Panel 1200mm Post Formed with Tongue and Groove - Wetwall — 1/1 variants, 7 images, 1 variant images
[2026-09-26T13:36:51.824Z] ✓ White Arctic PVC Shower Wall Panel - 2400 x 1000mm — 1/1 variants, 2 images, 1 variant images
[2026-09-26T13:36:56.072Z] ✓ White Gloss Wall Tile 300 x 600mm — 1/1 variants, 3 images, 1 variant images
[2026-09-26T13:36:57.864Z] ✓ Grey Marmo Linea Wall Panel 1200mm Post Formed with Tongue and Groove - Wetwall — 1/1 variants, 7 images, 1 variant images
[2026-09-26T13:36:57.865Z] progress 1350/1501 (ok 1343, warnings 0, failed 7)
[2026-09-26T13:36:59.601Z] ✓ Light Grey Stone Effect Floor Tile 450 x 450mm - Carlisle — 1/1 variants, 3 images, 1 variant images
[2026-09-26T13:37:07.376Z] ✓ White Athena Marble Wall Panel 1200mm Post Formed with Tongue and Groove - Wetwall — 1/1 variants, 6 images, 1 variant images
[2026-09-26T13:37:15.525Z] ✓ Gold Stone Wall Panel with Tongue and Groove - Wetwall — 2/2 variants, 6 images, 2 variant images
[2026-09-26T13:37:20.780Z] ✓ White Athena Marble Wall Panel with Tongue and Groove - Wetwall — 2/2 variants, 6 images, 2 variant images
[2026-09-26T13:37:22.280Z] ✓ Grey Marmo Linea Wall Panel with Tongue and Groove - Wetwall — 2/2 variants, 7 images, 2 variant images
[2026-09-26T13:37:23.988Z] ✓ Grey Fumo Wall Panel 1200mm Post Formed with Tongue and Groove - Wetwall — 1/1 variants, 6 images, 1 variant images
[2026-09-26T13:37:28.386Z] ✓ Grey Fumo Wall Panel with Tongue and Groove - Wetwall — 2/2 variants, 6 images, 2 variant images
[2026-09-26T13:37:33.031Z] ✓ Gold Stone Wall Panel 1200mm Post Formed with Tongue and Groove - Wetwall — 1/1 variants, 6 images, 1 variant images
[2026-09-26T13:37:36.648Z] ✓ 1210mm PLY Square Edged Light Stone - Wetwall — 1/1 variants, 5 images, 1 variant images
[2026-09-26T13:37:42.141Z] ✓ Grey Scafell Slate Wall Panel with Tongue and Groove - Wetwall — 2/2 variants, 7 images, 2 variant images
[2026-09-26T13:37:43.785Z] ✓ PLY Tongue & Groove Blue Eiger/Arctic Marble - Wetwall — 2/2 variants, 8 images, 2 variant images
[2026-09-26T13:37:45.009Z] ✓ 1210mm PLY Square Edged Edged Carrara Marble - Wetwall — 1/1 variants, 6 images, 1 variant images
[2026-09-26T13:37:51.387Z] ✓ 1210mm PLY Square Edged Edged Blue Eiger/Arctic Marble - Wetwall — 1/1 variants, 6 images, 1 variant images
[2026-09-26T13:37:52.804Z] ✓ PLY Tongue & Groove Carrara Marble - Wetwall — 2/2 variants, 8 images, 2 variant images
[2026-09-26T13:37:59.498Z] ✓ Rustic Oak PVC Shower Wall Panel - 2400 x 1000mm — 1/1 variants, 4 images, 1 variant images
[2026-09-26T13:38:00.995Z] ✓ Grey Concrete PVC Shower Wall Panel - 2400 x 1000mm — 1/1 variants, 3 images, 1 variant images
[2026-09-26T13:38:04.846Z] ✓ PLY Tongue & Groove Light Stone - Wetwall — 2/2 variants, 6 images, 2 variant images
[2026-09-26T13:38:06.378Z] ✓ Pack of 3 Waterproof Slatted Wall Panels 2400 x 170 x 19mm — 4/4 variants, 6 images, 4 variant images
[2026-09-26T13:38:10.032Z] ✓ Pergamon Marble PVC Shower Wall Panel - 2400 x 1000mm — 1/1 variants, 3 images, 1 variant images
[2026-09-26T13:38:13.473Z] ✓ Laminate Dow Panel Adhesive -Wetwall — 1/1 variants, 2 images, 1 variant images
[2026-09-26T13:38:15.208Z] ✓ End Cap Polished Silver - Wetwall — 1/1 variants, 1 images, 1 variant images
[2026-09-26T13:38:18.808Z] ✓ External Corner Polished Silver - Wetwall — 1/1 variants, 1 images, 1 variant images
[2026-09-26T13:38:20.623Z] ✓ Marble PVC Shower Wall Panel - 2400 x 1000mm — 3/3 variants, 5 images, 3 variant images
[2026-09-26T13:38:23.931Z] ✓ Internal Corner Polished Silver- Wetwall — 1/1 variants, 1 images, 1 variant images
[2026-09-26T13:38:29.785Z] ✓ H Joint Polished Silver - Wetwall — 1/1 variants, 1 images, 1 variant images
[2026-09-26T13:38:29.787Z] progress 1375/1501 (ok 1368, warnings 0, failed 7)
[2026-09-26T13:38:32.475Z] ✓ Elite Neutral Panel Adhesive - Wetwall — 1/1 variants, 1 images, 1 variant images
[2026-09-26T13:38:34.521Z] ✓ Waterproof Slatted Wall Panel End Cap Grooved — 4/4 variants, 6 images, 4 variant images
[2026-09-26T13:38:37.940Z] ✓ Elite Sealant Pewter Grey - Wetwall — 1/1 variants, 2 images, 1 variant images
[2026-09-26T13:38:39.838Z] ✓ Waterproof Slatted Wall Panel End Cap Tonged — 4/4 variants, 6 images, 4 variant images
[2026-09-26T13:38:41.384Z] ✓ Elite Sealant Ice White - Wetwall — 1/1 variants, 1 images, 1 variant images
[2026-09-26T13:38:43.321Z] ✓ Edge Profile Trim - Satin Aluminium — 1/1 variants, 1 images, 1 variant images
[2026-09-26T13:38:47.684Z] ✓ Internal Corner Profile - Satin Aluminium — 1/1 variants, 1 images, 1 variant images
[2026-09-26T13:38:49.260Z] ✓ Elite Sealant Ash Grey - Wetwall — 1/1 variants, 2 images, 1 variant images
[2026-09-26T13:38:50.968Z] ✓ Internal Corner Profile PVC - White — 1/1 variants, 1 images, 1 variant images
[2026-09-26T13:38:52.912Z] ✓ Elite Sealant Vanilla - Wetwall — 1/1 variants, 2 images, 1 variant images
[2026-09-26T13:38:57.257Z] ✓ Grey Wall Mounted Folding Shower Seat With Arms - Nymas — 1/1 variants, 2 images, 1 variant images
[2026-09-26T13:38:58.730Z] ✓ Elite Sealant Silver Grey - Wetwall — 1/1 variants, 2 images, 1 variant images
[2026-09-26T13:39:00.384Z] ✓ Shower Chair With Arms and Backrest - Croydex — 1/1 variants, 4 images, 1 variant images
[2026-09-26T13:39:06.538Z] ✓ Tile-Ready Bench 1200x470x450mm -Lagoon — 1/1 variants, 4 images, 1 variant images
[2026-09-26T13:39:07.584Z] ✓ Tile-Ready Corner Bench 600x600x870mm - Lagoon — 1/1 variants, 3 images, 1 variant images
[2026-09-26T13:39:14.583Z] ✓ Bathroom Grab Rails Set of 6 - Arissa — 5/5 variants, 9 images, 5 variant images
[2026-09-26T13:39:14.997Z] ✓ White Folding Grab Rail 850 x 300mm- Croydex — 1/1 variants, 2 images, 1 variant images
[2026-09-26T13:39:21.907Z] ✓ Brass Knurled Bathroom Grab Rail - Arissa — 5/5 variants, 8 images, 5 variant images
[2026-09-26T13:39:23.010Z] ✓ Brass Knurled Bathroom Grab Rails Set of 5 - Arissa — 1/1 variants, 3 images, 1 variant images
[2026-09-26T13:39:28.561Z] ✓ Black Straight Grab Rail - Nymas — 3/3 variants, 5 images, 3 variant images
[2026-09-26T13:39:30.253Z] ✓ White Round Bath Table 634mm - Lisbon — 1/1 variants, 5 images, 1 variant images
[2026-09-26T13:39:31.475Z] ✓ Bath Step for Deep Baths 715 x 350mm - Niki — 1/1 variants, 3 images, 1 variant images
[2026-09-26T13:39:36.853Z] ✓ Stand Pipes - Helston — 4/4 variants, 5 images, 4 variant images
[2026-09-26T13:39:37.666Z] ✓ 860mm Matt White Solid Surface Bath Tray / Caddy - Opal — 1/1 variants, 3 images, 1 variant images
[2026-09-26T13:39:39.252Z] ✓ Columbia End Panel — 1/1 variants, 1 images, 1 variant images
[2026-09-26T13:39:39.254Z] progress 1400/1501 (ok 1393, warnings 0, failed 7)
[2026-09-26T13:39:40.500Z] ✓ Yale End Panel — 1/1 variants, 1 images, 1 variant images
[2026-09-26T13:39:47.034Z] ✓ ONLY OPENED - Brushed Brass Click Clack Slotted Basin Waste - Arissa — 1/1 variants, 2 images, 1 variant images
[2026-09-26T13:39:47.891Z] ✓ ALMOST PERFECT - 900mm Blue Curved Left Hand Corner Freestanding Vanity Unit with Basin – Bowland — 1/1 variants, 7 images, 1 variant images
[2026-09-26T13:39:49.486Z] ✓ ONLY OPENED - Chrome Click Clack Slotted Basin Waste - Better Bathrooms — 1/1 variants, 2 images, 1 variant images
[2026-09-26T13:39:50.667Z] ✓ ONLY OPENED - Chrome Click Clack Unslotted Basin Waste - Better Bathrooms — 1/1 variants, 2 images, 1 variant images
[2026-09-26T13:39:56.513Z] ✓ ONLY OPENED - Newport White Round Soft Close Toilet Seat with Quick Release — 1/1 variants, 3 images, 1 variant images
[2026-09-26T13:39:57.294Z] ✓ ONLY OPENED - Addison Seat and Cover — 1/1 variants, 2 images, 1 variant images
[2026-09-26T13:39:59.232Z] ✓ ONLY OPENED - Soft Close Toilet Seat - Alcor — 1/1 variants, 3 images, 1 variant images
[2026-09-26T13:40:00.620Z] ✓ ONLY OPENED - Legend Wrap Seat & Cover — 1/1 variants, 6 images, 1 variant images
[2026-09-26T13:40:06.373Z] ✓ ALMOST PERFECT - 1.5 Bowl Black Composite Kitchen Sink with Reversible Drainer - Essence Amelia — 1/1 variants, 5 images, 1 variant images
[2026-09-26T13:40:07.274Z] ✓ ONLY OPENED - Brushed Brass Bath Waste Cover Upgrade — 1/1 variants, 5 images, 1 variant images
[2026-09-26T13:40:08.908Z] ✓ ONLY OPENED - Brushed Brass 250mm Round Rainfall Shower Head - Arissa — 1/1 variants, 2 images, 1 variant images
[2026-09-26T13:40:10.144Z] ✓ ONLY OPENED - White Square Soft Close Toilet Seat with Quick Release - Albi — 1/1 variants, 4 images, 1 variant images
[2026-09-26T13:40:16.712Z] ✓ GRADE A2 - Chrome Mono Basin Mixer Tap - Cube — 1/1 variants, 4 images, 1 variant images
[2026-09-26T13:40:17.523Z] ✓ ONLY OPENED - Arabella Round Countertop Basin - 415mm — 1/1 variants, 5 images, 1 variant images
[2026-09-26T13:40:19.479Z] ✓ ONLY OPENED - Ashford Soft Close Wrap Seat — 1/1 variants, 2 images, 1 variant images
[2026-09-26T13:40:20.633Z] ✓ ONLY OPENED - Round Outlet Elbow — 1/1 variants, 2 images, 1 variant images
[2026-09-26T13:40:26.812Z] ✓ ONLY OPENED - Indiana Soft Close Slim Seat — 1/1 variants, 2 images, 1 variant images
[2026-09-26T13:40:27.660Z] ✓ ONLY OPENED - Matt Black Round Straight Radiator Valves — 1/1 variants, 2 images, 1 variant images
[2026-09-26T13:40:29.386Z] ✓ GRADE A2 - Matt Black Round Straight Radiator Valves - For Pipework Which Comes From The Floor — 1/1 variants, 2 images, 1 variant images
[2026-09-26T13:40:30.791Z] ✓ ONLY OPENED - 800 x 800mm Round Backlit Mirror - Luna — 1/1 variants, 8 images, 1 variant images
[2026-09-26T13:40:37.378Z] ✓ ONLY OPENED - Black 355mm Wall Mounted Shower Arm - Arissa — 1/1 variants, 5 images, 1 variant images
[2026-09-26T13:40:38.148Z] ✓ ONLY OPENED - White Thermostatic Straight Radiator Valves — 1/1 variants, 1 images, 1 variant images
[2026-09-26T13:40:39.801Z] ✓ ONLY OPENED - White Wall Hung Basin with 1 Tap Hole 570mm - Ripley — 1/1 variants, 3 images, 1 variant images
[2026-09-26T13:40:41.058Z] ✓ GRADE A2 - White Thermostatic Straight Radiator Valves — 1/1 variants, 1 images, 1 variant images
[2026-09-26T13:40:41.058Z] progress 1425/1501 (ok 1418, warnings 0, failed 7)
[2026-09-26T13:40:47.081Z] ✓ GRADE A1 - Alton Round Single Ended Bath - 1700 x 700mm — 1/1 variants, 5 images, 1 variant images
[2026-09-26T13:40:47.905Z] ✓ ONLY OPENED - Gold Basin Pillar Taps - Helston — 1/1 variants, 5 images, 1 variant images
[2026-09-26T13:40:49.507Z] ✓ ONLY OPENED - White Square Countertop Basin 497mm - Bowen — 1/1 variants, 4 images, 1 variant images
[2026-09-26T13:40:50.765Z] ✓ Grade A1 - Close Coupled Rimless Short Projection Toilet with Soft Close Slim Seat - Venice — 1/1 variants, 4 images, 1 variant images
[2026-09-26T13:40:57.223Z] ✓ ALMOST PERFECT - White and Brass Traditional Column Radiator with Towel Rail 952 x 659mm - Regent — 1/1 variants, 4 images, 1 variant images
[2026-09-26T13:40:58.094Z] ✓ ONLY OPENED - Brass Vertical Traditional Towel Radiator 700 x 400mm - Regent — 1/1 variants, 5 images, 1 variant images
[2026-09-26T13:40:59.777Z] ✓ ALMOST PERFECT - Wall Hung /Countertop Gloss White Basin 497*397*130 - Bowen — 1/1 variants, 4 images, 1 variant images
[2026-09-26T13:41:00.896Z] ✓ ONLY OPENED - Single Bowl Black Composite Kitchen Sink with Reversible Drainer - Essence Amelia — 1/1 variants, 5 images, 1 variant images
[2026-09-26T13:41:07.663Z] ✓ ONLY OPENED - Traditional Exposed Bath Trap - Brushed Brass — 1/1 variants, 3 images, 1 variant images
[2026-09-26T13:41:08.567Z] ✓ GRADE A2 - Brass Vertical Traditional Towel Rail Radiator 1200 x 479mm - Regent — 1/1 variants, 5 images, 1 variant images
[2026-09-26T13:41:10.346Z] ✓ ONLY OPENED - Chrome Dual Lever Basin Mixer Tap - Camden — 1/1 variants, 3 images, 1 variant images
[2026-09-26T13:41:11.582Z] ✓ ONLY OPENED - Soft Close Toilet Seat - Slim Design - Venice — 1/1 variants, 2 images, 1 variant images
[2026-09-26T13:41:17.207Z] ✓ ONLY OPENED - Chrome Thermostatic Douche Shower Spray Kit - Arissa — 1/1 variants, 6 images, 1 variant images
[2026-09-26T13:41:18.055Z] ✓ ALMOST PERFECT - Refurbished Enza Olney Black Single Lever Pull Out Kitchen Mixer Tap — 1/1 variants, 3 images, 1 variant images
[2026-09-26T13:41:19.723Z] ✓ ONLY OPENED - Single Bowl Chrome Stainless Steel Kitchen Sink - Enza Isabella — 1/1 variants, 4 images, 1 variant images
[2026-09-26T13:41:21.030Z] ✓ ONLY OPENED - Black Thermostatic Douche Shower Spray Kit — 1/1 variants, 6 images, 1 variant images
[2026-09-26T13:41:27.007Z] ✓ GRADE A2 - Chrome Double Lever Basin Mixer Tap - Camden — 1/1 variants, 3 images, 1 variant images
[2026-09-26T13:41:27.810Z] ✓ ALMOST PERFECT - Brass Cross Head Traditional Angled Radiator Valves — 1/1 variants, 2 images, 1 variant images
[2026-09-26T13:41:30.554Z] ✓ ONLY OPENED - 200mm Traditional Shower Head — 1/1 variants, 2 images, 1 variant images
[2026-09-26T13:41:35.433Z] ✓ GRADE A1 - 1000x800mm Rectangular Shower Tray 45mm - White Acrylic Stone Resin - Pearl — 1/1 variants, 4 images, 1 variant images
[2026-09-26T13:41:36.527Z] ✓ ALMOST PERFERCT - White Square Soft Close Toilet Seat with Quick Release - Seren — 1/1 variants, 2 images, 1 variant images
[2026-09-26T13:41:39.433Z] ✓ ONLY OPENED - Brass Traditional Heated Towel Shelf Radiator 350 x 550mm- Regent — 1/1 variants, 5 images, 1 variant images
[2026-09-26T13:41:42.742Z] ✓ ONLY OPENED - Single Lever Pull Out Monobloc Kitchen Sink Mixer Tap - Enza Olney — 2/2 variants, 6 images, 2 variant images
[2026-09-26T13:41:44.312Z] ✓ ALMOST PERFECT - Enza Olney Single Lever Monobloc Mixer Kitchen Tap- Chrome — 1/1 variants, 5 images, 1 variant images
[2026-09-26T13:41:45.489Z] ✓ ONLY OPENED - 1000mm Sliding Shower Door - Pavo — 1/1 variants, 7 images, 1 variant images
[2026-09-26T13:41:45.490Z] progress 1450/1501 (ok 1443, warnings 0, failed 7)
[2026-09-26T13:41:49.053Z] ✓ ONLY OPENED - Matt Black Hose with Wall Bracket - Arissa — 1/1 variants, 6 images, 1 variant images
[2026-09-26T13:41:52.720Z] ✓ ONLY OPENED - Black Tall Single Lever Mono Basin Mixer Tap - Arissa — 1/1 variants, 3 images, 1 variant images
[2026-09-26T13:41:54.157Z] ✓ GRADE A1 - Cloakroom Basin Mixer - Zana Range Matt Black — 1/1 variants, 3 images, 1 variant images
[2026-09-26T13:41:55.340Z] ✓ ALMOST PERFECT- Elwood Single Lever Black Kitchen Mixer Tap — 1/1 variants, 3 images, 1 variant images
[2026-09-26T13:41:58.503Z] ✓ ONLY OPENED - Black Wall Mounted Basin Mixer Tap - Arissa — 1/1 variants, 6 images, 1 variant images
[2026-09-26T13:42:01.935Z] ✓ ONLY OPENED - 600mm Wall Hung Resin Basin with Built in Drain Gloss White- Oslo — 1/1 variants, 4 images, 1 variant images
[2026-09-26T13:42:03.551Z] ✓ GRADE A2 - Black Wall Mounted Basin Mixer Tap - Arissa — 1/1 variants, 6 images, 1 variant images
[2026-09-26T13:42:04.812Z] ✓ ONLY OPENED - Pendle 600 Curved edge two door mirror cabinet Wgloss — 1/1 variants, 3 images, 1 variant images
[2026-09-26T13:42:08.133Z] ✓ ALMOST PERFECT - Anthracite Square Angled Radiator Valves - For Pipework Which Comes From The Wall — 1/1 variants, 2 images, 1 variant images
[2026-09-26T13:42:11.870Z] ✓ ONLY OPENED - Brass Vertical Electric Towel Radiator 1200 x 479mm - Regent — 1/1 variants, 6 images, 1 variant images
[2026-09-26T13:42:13.431Z] ✓ ONLY OPENED - Single Bowl Inset Brushed Brass Stainless Steel Kitchen Sink - Enza Tamara — 1/1 variants, 6 images, 1 variant images
[2026-09-26T13:42:14.624Z] ✓ ONLY OPENED - Black 250mm Slim Square Shower Head - Zana — 1/1 variants, 4 images, 1 variant images
[2026-09-26T13:42:17.912Z] ✓ ONLY OPENED - Matt White Round Soft Close Toilet Seat - Newport — 1/1 variants, 4 images, 1 variant images
[2026-09-26T13:42:21.574Z] ✓ ONLY OPENED - Brushed Brass Single Lever Pull Out Monobloc Kitchen Mixer Tap - Enza Olney — 1/1 variants, 3 images, 1 variant images
[2026-09-26T13:42:23.126Z] ✓ ONLY OPENED - Brushed Brass Shower Outlet Elbow for Concealed Showers - Arissa — 1/1 variants, 2 images, 1 variant images
[2026-09-26T13:42:24.325Z] ✓ ONLY OPENED - GROHE Solido 1.2m 4 in 1 Set Low Noise Frame for Wall Hung WC — 1/1 variants, 5 images, 1 variant images
[2026-09-26T13:42:27.493Z] ✓ ONLY OPENED - Brushed Brass Thermostatic Mixer Shower Set with Push Button & Shelf - Mika — 1/1 variants, 5 images, 1 variant images
[2026-09-26T13:42:31.079Z] ✓ GRADE A1 - Freestanding Double Ended Back to Wall Bath 1500 x 770mm - Alto — 1/1 variants, 4 images, 1 variant images
[2026-09-26T13:42:32.621Z] ✓ ONLY OPENED - Matt Black Square Slide Rail Kit & Square Wall Outlet Elbow - Zana — 1/1 variants, 4 images, 1 variant images
[2026-09-26T13:42:33.818Z] ✓ ONLY OPENED - Brushed Brass 3 Outlet Triple Handle Thermostatic Concealed Shower Valve - Arissa — 1/1 variants, 2 images, 1 variant images
[2026-09-26T13:42:36.903Z] ✓ ONLY OPENED - Beige Unglazed Round Countertop Basin 410mm - Fawn — 1/1 variants, 5 images, 1 variant images
[2026-09-26T13:42:40.363Z] ✓ GRADE A2 - Brass Horizontal Towel Radiator 600 x 1000mm - Tundra — 1/1 variants, 4 images, 1 variant images
[2026-09-26T13:42:42.598Z] ✓ ONLY OPENED - Freestanding Single Ended Left Hand Corner Bath 1600 x 780mm - Cove — 1/1 variants, 7 images, 1 variant images
[2026-09-26T13:42:43.818Z] ✓ GRADE A2 - Black Square Adjustable Height Slide Rail Kit with Hand Shower - Zana — 1/1 variants, 4 images, 1 variant images
[2026-09-26T13:42:47.069Z] ✓ ONLY OPENED - Chrome and White Traditional Heated Towel Rail Radiator 952 x 479mm - Regent — 1/1 variants, 6 images, 1 variant images
[2026-09-26T13:42:47.071Z] progress 1475/1501 (ok 1468, warnings 0, failed 7)
[2026-09-26T13:42:50.382Z] ✓ ONLY OPENED - Chrome 400mm Round Ceiling Arm — 1/1 variants, 2 images, 1 variant images
[2026-09-26T13:42:52.217Z] ✓ GRADE A2 - 1 Bowl Black Composite Small Kitchen Sink with Reversible Drainer - Essence Amelia — 1/1 variants, 3 images, 1 variant images
[2026-09-26T13:42:53.446Z] ✓ ONLY OPENED - Black Sliding Shower Door 1000mm 8mm Glass - Pavo — 1/1 variants, 8 images, 1 variant images
[2026-09-26T13:42:56.822Z] ✓ ONLY OPENED - Quadra Cloakroom Waterfall Basin Mixer Tap — 1/1 variants, 5 images, 1 variant images
[2026-09-26T13:43:00.218Z] ✓ ONLY OPENED - Oval Black Backlit LED Heated Bathroom Mirror 500 x 800mm - Venus — 1/1 variants, 6 images, 1 variant images
[2026-09-26T13:43:01.764Z] ✓ ONLY OPENED - Matt Black Square Bottle Trap - Zana — 1/1 variants, 2 images, 1 variant images
[2026-09-26T13:43:02.932Z] ✓ ALMOST PERFECT - Brushed Brass Concealed Shower Slide Rail Kit - Zana — 1/1 variants, 6 images, 1 variant images
[2026-09-26T13:43:06.241Z] ✓ ONLY OPENED - Matt Black Wall Mounted Bath Spout - Arissa — 1/1 variants, 2 images, 1 variant images
[2026-09-26T13:43:09.924Z] ✓ ONLY OPENED - Arissa Brushed Brass Manual Push Button and Cistern — 1/1 variants, 4 images, 1 variant images
[2026-09-26T13:43:11.574Z] ✓ ONLY OPENED - Brushed Brass 2 Concealed Thermostatic Shower Outlet Valve With Triple Control - Zana — 1/1 variants, 4 images, 1 variant images
[2026-09-26T13:43:12.907Z] ✓ ONLY OPENED - Rectangular LED Bathroom Mirror with Demister 1200 x 600m -Ariel — 1/1 variants, 5 images, 1 variant images
[2026-09-26T13:43:15.677Z] ✓ ALMOST PERFECT - Enza Tamara Dual Lever Monobloc Mixer Kitchen Tap- Chrome — 1/1 variants, 3 images, 1 variant images
[2026-09-26T13:43:21.442Z] ✓ ONLY OPENED - Brushed Brass Shower Slider Riser Rail Kit - Arissa — 1/1 variants, 3 images, 1 variant images
[2026-09-26T13:43:22.264Z] ✓ ONLY OPENED - 900x760mm Carina 6mm Offset Quadrant — 1/1 variants, 5 images, 1 variant images
[2026-09-26T13:43:23.920Z] ✓ ONLY OPENED - Matt Black Close Coupled Closed Back Toilet with Chrome Fittings & Sink on Top - Legend — 1/1 variants, 13 images, 1 variant images
[2026-09-26T13:43:25.116Z] ✓ ONLY OPENED - Traditional Single Lever Pull Out Chrome Monobloc Kitchen Sink Mixer Tap - Evelyn — 1/1 variants, 4 images, 1 variant images
[2026-09-26T13:43:30.970Z] ✓ GRADE A1 - Lomax Right Hand L Shape Shower Bath - 1500 x 850mm — 1/1 variants, 6 images, 1 variant images
[2026-09-26T13:43:31.747Z] ✓ ONLY OPENED - 600mm x 400mm Straight Chrome Towel Rail - Sahara — 1/1 variants, 4 images, 1 variant images
[2026-09-26T13:43:34.225Z] ✓ ALMOST PERFECT - 1000x800 RH Offset Quad Stone Resin Shower Tray- Pearl — 1/1 variants, 4 images, 1 variant images
[2026-09-26T13:43:35.328Z] ✓ ONLY OPENED - Pronto Elwood Single Lever Filter Water Kitchen Tap - Matt Black — 1/1 variants, 5 images, 1 variant images
[2026-09-26T13:43:40.944Z] ✓ ONLY OPENED - Oval Brass Backlit Heated Bathroom Mirror with Lights 500 x 1000mm - Venus — 1/1 variants, 7 images, 1 variant images
[2026-09-26T13:43:41.713Z] ✓ ONLY OPENED - Single Bowl Black Undermount Stainless Steel Kitchen Sink- Enza Tamara — 1/1 variants, 6 images, 1 variant images
[2026-09-26T13:43:43.551Z] ✓ ONLY OPENED - Black Vertical Traditional Towel Rail Radiator 1200 x 479mm - Regent — 1/1 variants, 4 images, 1 variant images
[2026-09-26T13:43:44.846Z] ✓ ONLY OPENED - 500mm Beige Curved Corner Freestanding Vanity Unit with Basin – Bowland — 1/1 variants, 6 images, 1 variant images
[2026-09-26T13:43:47.545Z] ✓ ONLY OPENED - Brushed Brass 1 Outlet Concealed Thermostatic Shower Valve with Dual Control - Arissa — 1/1 variants, 4 images, 1 variant images
[2026-09-26T13:43:47.546Z] progress 1500/1501 (ok 1493, warnings 0, failed 7)
[2026-09-26T13:43:47.958Z] ✓ ONLY OPENED - Brushed Brass 2 Outlet Concealed Thermostatic Shower Valve with Triple Control - Arissa — 1/1 variants, 5 images, 1 variant images
[2026-09-26T13:43:47.958Z] finished: 1494 ok (0 with warnings), 7 failed
[2026-09-26T13:58:25.773Z] image URLs round 1: 1489/1494 products complete
[2026-09-26T13:58:52.765Z] image URLs round 2: 5/10 products complete
[2026-09-26T13:59:16.580Z] image URLs round 3: 0/5 products complete
[2026-09-26T13:59:40.646Z] image URLs round 4: 0/5 products complete
[2026-09-26T14:00:04.490Z] image URLs round 5: 0/5 products complete
[2026-09-26T14:00:28.418Z] image URLs round 6: 0/5 products complete
